Date,dSocdt_h0,dSocdt_h1,dSocdt_h2,dSocdt_h3,dSocdt_h4,dSocdt_h5,dSocdt_h6,dSocdt_h7,dSocdt_h8,dSocdt_h9,dSocdt_h10,dSocdt_h11,dSocdt_h12,dSocdt_h13,dSocdt_h14,dSocdt_h15,dSocdt_h16,dSocdt_h17,dSocdt_h18,dSocdt_h19,dSocdt_h20,dSocdt_h21,dSocdt_h22,dSocdt_h23,Soc_h0,Soc_h1,Soc_h2,Soc_h3,Soc_h4,Soc_h5,Soc_h6,Soc_h7,Soc_h8,Soc_h9,Soc_h10,Soc_h11,Soc_h12,Soc_h13,Soc_h14,Soc_h15,Soc_h16,Soc_h17,Soc_h18,Soc_h19,Soc_h20,Soc_h21,Soc_h22,Soc_h23
2024-05-07,0.0,0.0,0.0,0.0,0.0,0.0,0.0,0.0,0.0,0.0,0.0,0.0,0.0,0.0,0.0,0.0,0.0,0.0,0.0,-13.645,-11.424,-10.3172,-8.9847,-14.6107,62.0,62.0,62.0,62.0,62.0,62.0,62.0,62.0,62.0,62.0,62.0,62.0,62.0,62.0,62.0,62.0,62.0,62.0,85.5001,71.8551,60.4311,50.1139,41.1292,26.5185
2024-05-08,-13.1286,0.0,0.0,0.0,0.0,0.0,0.0,0.0,-1.541,-4.4789,-9.0623,-8.9032,-7.1826,-6.737,-11.8461,-8.8503,-11.7996,0.0,-17.1842,-18.0331,-7.2105,0.0,-3.7913,-6.3757,13.3899,88.0448,100.0,100.0,100.0,100.0,100.0,100.0,98.459,93.9801,84.9178,76.0146,68.832,62.095,50.2489,41.3986,29.599,59.5952,42.411,24.3779,17.1674,49.5602,45.7689,39.3932
2024-05-09,-6.4874,0.0,-1.0921,-1.092,-1.0921,-0.3004,0.0,0.0,-5.4127,-5.0203,-7.1013,-12.6072,-9.6723,-9.9057,-8.8006,-2.5634,-9.6284,0.0,0.0,-15.449,-6.9571,-9.9207,0.0,0.0,32.9058,36.3041,35.212,34.12,33.0279,32.7275,45.1067,83.1841,77.7714,72.7511,65.6498,53.0426,43.3703,33.4646,24.664,22.1006,12.4722,19.717,49.4299,33.9809,27.0238,17.1031,31.236,39.2263
2024-05-10,-22.714,0.0,0.0,0.0,0.0,0.0,0.0,0.0,-7.4917,-6.9611,-4.3168,-3.6451,-3.5436,-9.6501,-7.1699,-6.5357,-5.6848,-8.8606,-10.0265,-9.8733,0.0,0.0,-12.975,-19.7136,16.5123,59.7413,98.242,100.0,100.0,100.0,100.0,100.0,92.5083,85.5472,81.2304,77.5853,74.0417,64.3916,57.2217,50.686,45.0012,36.1406,26.1141,16.2408,58.7304,60.162,47.187,27.4734
2024-05-11,-6.1376,0.0,0.0,0.0,0.0,0.0,0.0,0.0,-1.0,-2.375,-6.625,-2.1821,-4.7085,-2.1094,-1.8087,-2.7752,-2.9382,-1.9754,-19.9818,-21.5119,-7.9863,-11.0225,0.0,0.0,21.3358,42.7149,99.5225,100.0,100.0,100.0,100.0,100.0,99.0,96.625,90.0,87.8179,83.1094,81.0,79.1913,76.4161,73.4779,71.5025,51.5207,30.0088,22.0225,11.0,71.0394,73.9894
2024-05-12,-25.3321,-8.8084,0.0,0.0,0.0,0.0,0.0,0.0,0.0,-1.4609,-4.926,-1.4847,-7.896,-24.9974,-22.7448,0.0,0.0,0.0,-7.2754,-4.9975,-6.92,-11.1916,-13.8981,-15.8434,48.6573,39.8489,97.8873,100.0,100.0,100.0,100.0,100.0,100.0,98.5391,93.6131,92.1284,84.2324,59.235,36.4902,80.9437,98.8631,100.0,92.7246,87.7271,80.8071,69.6155,55.7174,39.874
2024-05-13,0.0,0.0,0.0,0.0,0.0,0.0,0.0,-0.2574,-0.8315,-8.9534,-3.8194,0.0,-5.3029,-9.173,-7.0741,-8.4781,-1.6127,0.0,-7.804,-7.7583,-12.7971,-14.2142,-9.3754,0.0,52.3731,99.5688,100.0,100.0,100.0,100.0,100.0,99.7426,98.9111,89.9577,86.1383,100.0,94.6971,85.5241,78.45,69.9719,68.3592,75.8514,68.0474,60.2891,47.492,33.2778,23.9024,50.8928
2024-05-14,-23.7533,-12.6589,0.0,0.0,0.0,0.0,0.0,0.0,-0.903,-2.8192,-3.1811,-9.3251,-6.9936,-7.1075,-11.1509,-5.8912,-6.6247,-4.1659,-7.619,-7.8972,0.0,-10.9337,-9.8444,-1.9619,27.1395,14.4806,56.7533,99.6626,100.0,100.0,100.0,100.0,99.097,96.2778,93.0967,83.7716,76.778,69.6705,58.5196,52.6284,46.0037,41.8378,34.2188,26.3216,42.7878,31.8541,22.0097,20.0478
2024-05-15,-1.18,-1.1801,-1.6748,0.0,0.0,0.0,-1.0284,-1.0284,-1.0284,-1.0284,-6.0209,0.0,-2.5292,-4.0826,-2.3035,-2.3878,-1.4871,-1.9592,-2.433,0.0,0.0,-7.3917,-12.7395,-10.7495,18.8678,17.6877,16.0129,19.7247,28.5918,29.1345,28.1061,27.0777,26.0493,25.0209,19.0,62.4399,59.9107,55.8281,53.5246,51.1368,49.6497,47.6905,45.2575,47.415,57.6302,50.2385,37.499,26.7495
2024-05-16,-5.799,-0.7572,-0.7572,-0.7572,-0.7572,-0.7573,-0.7572,-0.8676,-0.9959,-1.7657,0.0,0.0,-2.9726,-4.5063,-2.7984,-2.1,-1.3698,-1.3248,-1.4331,-1.5159,-1.8047,-1.7689,-2.983,-6.5408,20.9505,20.1933,19.4361,18.6789,17.9217,17.1644,16.4072,15.5396,14.5437,12.778,15.548,54.6189,51.6463,47.14,44.3416,42.2416,40.8718,39.547,38.1139,36.598,34.7933,33.0244,30.0414,23.5006
2024-05-17,-10.9339,0.0,-2.2646,-1.0274,-1.0274,-1.0273,-1.9769,-1.4936,-0.9053,-0.9053,-4.8606,0.0,0.0,-3.735,-3.0073,-1.2257,-1.7816,-2.1275,-3.3163,-1.2487,-2.3776,-6.376,0.0,-9.4458,12.5667,17.0712,14.8066,13.7792,12.7518,11.7245,9.7476,8.254,7.3487,6.4434,1.5828,53.3846,56.1651,52.4301,49.4228,48.1971,46.4155,44.288,40.9717,39.723,37.3454,30.9694,35.0,25.5542
2024-05-18,-9.7222,0.0,0.0,0.0,-16.2927,-19.4232,-0.3976,-0.3976,-0.3976,-0.3977,-0.3976,-1.5686,0.0,0.0,-15.6273,-10.7292,-8.0482,-23.3476,-11.4751,-10.5177,-5.9488,0.0,-4.8892,-6.5702,15.832,27.1669,91.7744,99.7066,83.4139,63.9907,63.5931,63.1955,62.7979,62.4002,62.0026,60.434,60.8798,99.1038,83.4765,72.7473,64.6991,41.3515,29.8764,19.3587,13.4099,63.6973,58.8081,52.2379
2024-05-19,-10.5565,-7.92,-6.9992,-6.7916,-0.9923,-0.9924,-0.9935,-1.186,-1.186,-1.186,0.0,0.0,0.0,-13.4448,-11.0716,-10.3379,-6.9995,-11.4822,0.0,0.0,-10.2104,-8.2419,-7.9781,-5.4504,41.6814,33.7614,26.7622,19.9706,18.9783,17.9859,16.9924,15.8064,14.6204,13.4344,15.4337,19.1592,69.0944,55.6496,44.578,34.2401,27.2406,15.7584,50.3057,52.9375,42.7271,34.4852,26.5071,21.0567
2024-05-20,-10.9197,0.0,0.0,-2.1487,-1.4788,-1.2796,-0.618,-0.6181,-0.618,-0.618,-4.0935,-9.3625,-5.4998,-4.5841,-1.7941,-1.537,-3.7791,-3.9052,-5.5069,-6.2737,-10.5269,-7.9517,0.0,0.0,10.137,53.3396,78.764,76.6153,75.1365,73.8569,73.2389,72.6208,72.0028,71.3848,67.2913,57.9288,52.429,47.8449,46.0508,44.5138,40.7347,36.8295,31.3226,25.0489,14.522,6.5703,17.3016,61.1234
2024-05-21,-7.9993,-7.9995,-6.1762,-0.8041,-0.804,-0.8041,-0.8668,-0.9924,-0.9924,-0.9924,-2.0328,-5.4893,-9.4897,-3.8908,0.0,0.0,0.0,-6.2706,-7.1633,-3.6133,-6.9647,-6.6197,-9.1896,-10.7421,53.1241,45.1246,38.9484,38.1443,37.3403,36.5362,35.6694,34.677,33.6846,32.6922,30.6594,25.1701,15.6804,11.7896,17.5647,85.5705,87.4641,81.1935,74.0302,70.4169,63.4522,56.8325,47.6429,36.9008
2024-05-22,-11.53,0.0,0.0,-0.6126,-0.6127,-0.6126,-0.6126,-0.6126,-0.6126,-4.1603,-6.1597,0.0,0.0,-5.6212,-3.1784,-1.2326,-1.7007,-3.7102,-1.8911,-4.0668,-2.1924,-2.6137,-7.307,-9.2331,25.3708,47.3769,50.8062,50.1936,49.5809,48.9683,48.3557,47.7431,47.1305,42.9702,36.8105,83.6941,86.0229,80.4017,77.2233,75.9907,74.29,70.5798,68.6887,64.6219,62.4295,59.8158,52.5088,43.2757
2024-05-23,-7.2872,-1.812,-1.423,-0.7028,-0.7027,-0.7028,-0.7028,-0.7028,-0.7027,-0.9346,-1.6846,-3.1513,0.0,0.0,0.0,-1.5551,-1.24,-0.9741,-1.5915,-3.1194,-7.7282,0.0,0.0,-7.8725,35.9885,34.1765,32.7535,32.0507,31.348,30.6452,29.9424,29.2396,28.5369,27.6023,25.9177,22.7664,33.1316,34.1812,34.2671,32.712,31.472,30.4979,28.9064,25.787,18.0588,21.2368,29.5583,21.6858
2024-05-24,-2.8496,-0.6156,-0.6156,-0.6156,-0.6156,-0.6156,-0.6156,-0.6156,-0.9492,-4.5778,-2.9818,0.0,0.0,-3.6866,-8.6841,-6.8869,-2.579,-2.7076,-4.4166,-3.9364,-7.116,-5.6611,-10.0405,-7.1595,18.8362,18.2206,17.605,16.9894,16.3738,15.7582,15.1426,14.527,13.5778,9.0,6.0182,66.327,87.1724,83.4858,74.8017,67.9148,65.3358,62.6282,58.2116,54.2752,47.1592,41.4981,31.4576,24.2981
2024-05-25,-5.4603,0.0,0.0,0.0,0.0,0.0,0.0,-0.106,-0.8854,-1.1244,-3.4673,-7.976,-5.1159,-9.6501,-9.0691,-7.915,-1.5039,-0.8907,-2.3219,-9.7617,-10.1875,-6.5107,-8.798,-0.8571,18.8378,20.221,24.0136,27.8061,44.8212,98.5028,100.0,99.894,99.0086,97.8842,94.4169,86.4409,81.325,71.6749,62.6058,54.6908,53.1869,52.2962,49.9743,40.2126,30.0251,23.5144,14.7164,13.8593
2024-05-26,0.0,-6.9995,-5.0995,-1.2207,-1.2208,-1.2207,-0.821,-0.8198,-0.8199,-0.8198,-0.723,0.0,0.0,-9.47,0.0,0.0,-1.9109,-1.9762,-9.7371,-5.6739,-5.745,-8.3304,-10.8254,-8.9992,31.7647,24.7652,19.6657,18.445,17.2242,16.0035,15.1825,14.3627,13.5428,12.723,12.0,15.8571,33.0661,23.5961,62.5557,65.6296,63.7187,61.7425,52.0054,46.3315,40.5865,32.2561,21.4307,12.4315
2024-05-27,0.0,0.0,-1.0203,-1.0203,-1.0203,-0.9628,-0.5271,-0.5555,-0.6568,-0.6569,-1.5734,0.0,0.0,-2.5574,-1.7672,-3.3466,-5.1569,-2.1498,-1.7795,-1.6942,-2.5126,-3.9107,-11.247,-12.79,39.3255,77.9622,76.9419,75.9216,74.9013,73.9385,73.4114,72.8559,72.1991,71.5422,69.9688,84.5055,87.2959,84.7385,82.9713,79.6247,74.4678,72.318,70.5385,68.8443,66.3317,62.421,51.174,38.384
2024-05-28,-8.337,-6.9369,-6.9993,-6.9994,0.0,0.0,-1.2099,-0.5398,-0.5398,-0.5398,-2.9938,-6.6524,-6.662,-5.7792,-3.2527,-4.2187,-3.0989,-11.5922,-5.0086,-2.9836,-6.3249,-3.9167,-10.604,-10.1464,30.047,23.1101,16.1108,9.1114,71.9358,100.0,98.7901,98.2503,97.7105,97.1707,94.1769,87.5245,80.8625,75.0833,71.8306,67.6119,64.513,52.9208,47.9122,44.9286,38.6037,34.687,24.083,13.9366
2024-05-29,0.0,-2.6952,-1.2445,-0.9597,-0.9596,-0.9597,-2.4563,-0.8357,-0.8357,-0.8358,-1.5698,0.0,0.0,-8.8828,-5.6852,-2.0314,-2.9676,-2.5936,-2.0212,-5.3102,-8.2575,-4.3128,-8.0313,0.0,37.2368,34.5416,33.2971,32.3374,31.3778,30.4181,27.9618,27.1261,26.2904,25.4546,23.8848,51.8959,59.9613,51.0785,45.3933,43.3619,40.3943,37.8007,35.7795,30.4693,22.2118,17.899,9.8677,63.7903
2024-05-30,-4.3297,-1.1514,-1.1513,-1.1514,-0.8351,-0.8333,-0.7149,-0.6341,-0.634,-1.2995,-2.1625,-2.9089,-9.2103,-10.0416,-0.2078,0.0,-4.3742,-10.255,-6.3668,-4.2085,-11.4392,-8.1426,-7.2935,-10.6333,59.4606,58.3092,57.1579,56.0065,55.1714,54.3381,53.6232,52.9891,52.3551,51.0556,48.8931,45.9842,36.7739,26.7323,26.5245,72.7335,68.3593,58.1043,51.7375,47.529,36.0898,27.9472,20.6537,10.0204
2024-05-31,0.0,-6.2182,-1.399,-0.5636,-0.5636,-0.5636,-0.5636,-0.5636,-3.7766,-1.0756,-1.0757,-11.769,-6.1814,0.0,-1.7689,-7.302,-1.61,-2.7748,0.0,0.0,-10.9989,-9.5822,-10.6869,-7.7945,46.4683,40.2501,38.8511,38.2875,37.7239,37.1603,36.5967,36.0331,32.2565,31.1809,30.1052,18.3362,12.1548,24.8186,23.0497,15.7477,14.1377,11.3629,39.6991,83.4093,72.4104,62.8282,52.1413,44.3468
2024-06-01,-6.0045,-4.6805,-1.0077,-0.9882,-0.9883,-0.9883,-0.9883,-3.2109,-8.0239,-5.0557,0.0,0.0,-2.0446,-8.8809,0.0,-7.015,-9.3903,-10.8032,-7.0491,-2.9406,-7.6149,-11.3958,0.0,-7.9618,38.3423,33.6618,32.6541,31.6659,30.6776,29.6893,28.701,25.4901,17.4662,12.4105,18.7031,63.4304,61.3858,52.5049,77.394,70.379,60.9887,50.1855,43.1364,40.1958,32.5809,21.1851,45.1362,37.1744
2024-06-02,-9.0169,-6.1735,-1.8078,-0.9393,-0.9393,-0.9393,-0.883,-0.8482,-0.8482,-0.8482,-0.8483,0.0,0.0,-11.9527,0.0,0.0,-6.1049,-0.8896,-0.8897,-6.8085,-9.2569,-5.6896,-6.2971,-8.9401,28.1575,21.984,20.1762,19.2369,18.2976,17.3583,16.4753,15.6271,14.7789,13.9307,13.0824,28.4451,30.8155,18.8628,23.2246,82.8856,76.7807,75.8911,75.0014,68.1929,58.936,53.2464,46.9493,38.0092
2024-06-03,-11.3202,-6.0032,-1.8533,-0.7432,-0.7432,-0.7432,-0.7432,-0.7431,-0.7432,-5.3923,0.0,0.0,0.0,-3.6963,-3.4255,-2.2976,-3.6932,-3.4949,-4.536,-1.7023,-2.1822,-4.2666,-10.6472,0.0,26.689,20.6858,18.8325,18.0893,17.3461,16.6029,15.8597,15.1166,14.3734,8.9811,33.7154,58.8089,64.5386,60.8423,57.4168,55.1192,51.426,47.9311,43.3951,41.6928,39.5106,35.244,24.5968,51.5792
2024-06-04,0.0,-1.9187,-1.0841,-0.7543,-0.7543,-0.7543,-0.7543,-0.7092,-0.6451,-0.6451,-2.329,0.0,-5.6585,-6.7737,-4.3085,-2.4386,-2.8086,-4.449,-4.5157,-8.9174,-10.9698,0.0,0.0,-12.5601,58.4622,56.5435,55.4594,54.7051,53.9508,53.1965,52.4422,51.733,51.0879,50.4428,48.1138,85.7642,80.1057,73.332,69.0235,66.5849,63.7763,59.3273,54.8116,45.8942,34.9244,77.986,97.8775,85.3174
2024-06-05,-7.3594,-11.813,-10.2467,-2.0919,-0.7395,-0.7394,-0.7394,-0.7395,-0.7394,-0.7395,-2.5803,0.0,0.0,-3.1402,-2.2561,-2.545,-10.5541,-4.366,-2.8183,-1.667,-2.8228,-5.1969,-8.8049,-9.9498,77.958,66.145,55.8983,53.8064,53.0669,52.3275,51.5881,50.8486,50.1092,49.3697,46.7894,78.7709,88.2114,85.0712,82.8151,80.2701,69.716,65.35,62.5317,60.8647,58.0419,52.845,44.0401,34.0903
2024-06-06,-13.9962,-5.5088,0.0,0.0,0.0,0.0,-1.4186,-1.4187,-1.238,-1.0331,-1.0331,-8.2656,0.0,-0.1844,0.0,-0.0316,-0.0315,-0.0316,-0.0316,-0.0316,-0.0315,-0.0316,-0.0316,-0.0315,20.0941,14.5853,15.7746,16.964,18.1533,18.5913,17.1727,15.754,14.516,13.4829,12.4498,4.1842,11.068,10.8836,28.9826,28.951,28.9195,28.8879,28.8563,28.8247,28.7932,28.7616,28.73,28.6985
2024-06-07,-0.0316,-0.0316,-0.0316,-0.0315,-0.0316,-0.0316,-0.0315,-0.0316,-0.0316,-0.0316,-0.0315,-0.0316,-0.0316,-0.0315,-0.0316,-0.0316,-0.0316,-0.0315,-0.0316,-0.0316,-0.0315,-0.0316,-0.0316,-0.0316,28.6669,28.6353,28.6037,28.5722,28.5406,28.509,28.4775,28.4459,28.4143,28.3827,28.3512,28.3196,28.288,28.2565,28.2249,28.1933,28.1617,28.1302,28.0986,28.067,28.0355,28.0039,27.9723,27.9407
2024-06-08,-0.0315,-0.0316,-0.0316,-0.0315,-0.0316,-0.0316,-0.0316,-0.0315,-0.0316,-0.0316,-0.0315,-0.0316,-0.0316,-0.0316,-0.0315,-0.0316,-0.0316,-0.0315,-0.0316,-0.0316,-0.0316,-0.0315,-0.0316,-0.0316,27.9092,27.8776,27.846,27.8145,27.7829,27.7513,27.7197,27.6882,27.6566,27.625,27.5935,27.5619,27.5303,27.4987,27.4672,27.4356,27.404,27.3725,27.3409,27.3093,27.2777,27.2462,27.2146,27.183
2024-06-09,-0.0315,-0.0316,-0.0316,-0.0316,-0.0315,-0.0316,-0.0316,-0.0315,-0.0316,-0.0316,-0.0316,-0.0315,-0.0316,-0.0316,-0.0315,-0.0316,-0.0316,-0.0316,-0.0315,-0.0316,-0.0316,-0.0315,-0.0316,-0.0316,27.1515,27.1199,27.0883,27.0567,27.0252,26.9936,26.962,26.9305,26.8989,26.8673,26.8357,26.8042,26.7726,26.741,26.7095,26.6779,26.6463,26.6147,26.5832,26.5516,26.52,26.4885,26.4569,26.4253
2024-06-10,-0.0316,-0.0315,-0.0316,-0.0316,-0.0316,-0.0315,-0.0316,-0.0316,-0.0315,-0.0316,-0.0316,-0.0316,-0.0315,-0.0316,-0.0316,-0.0315,-0.0316,-0.0316,-0.0316,-0.0315,-0.0316,-0.0316,-0.0315,-0.0316,26.3937,26.3622,26.3306,26.299,26.2674,26.2359,26.2043,26.1727,26.1412,26.1096,26.078,26.0464,26.0149,25.9833,25.9517,25.9202,25.8886,25.857,25.8254,25.7939,25.7623,25.7307,25.6992,25.6676
2024-06-11,-0.0316,-0.0316,-0.0315,-0.0316,-0.0316,-0.0315,-0.0316,-0.0316,-0.0316,-0.0315,-0.0316,-0.0316,-0.0315,-0.0316,-0.0316,-0.0316,-0.0315,-0.0316,-0.0316,-0.0315,-0.0316,-0.0316,-0.0316,-0.0315,25.636,25.6044,25.5729,25.5413,25.5097,25.4782,25.4466,25.415,25.3834,25.3519,25.3203,25.2887,25.2572,25.2256,25.194,25.1624,25.1309,25.0993,25.0677,25.0362,25.0046,24.973,24.9414,24.9099
2024-06-12,-0.0316,-0.0316,-0.0315,-0.0316,-0.0316,-0.0316,-0.0315,-0.0316,-0.0316,-0.0315,-0.0316,-0.0316,-0.0316,-0.0315,-0.0316,-0.0316,-0.0315,-0.0316,-0.0316,-0.0316,-0.0315,-0.0316,-0.0316,-0.0315,24.8783,24.8467,24.8152,24.7836,24.752,24.7204,24.6889,24.6573,24.6257,24.5942,24.5626,24.531,24.4994,24.4679,24.4363,24.4047,24.3732,24.3416,24.31,24.2784,24.2469,24.2153,24.1837,24.1522
2024-06-13,-0.0316,-0.0316,-0.0316,-0.0315,-0.0316,-0.0316,-0.0315,-0.0316,-0.0316,-0.0316,-0.0315,-0.0316,-0.0316,-0.0315,-0.0316,-0.0316,-0.0316,-0.0315,-0.0316,-0.0316,-0.0315,-0.0316,-0.0316,-0.0316,24.1206,24.089,24.0574,24.0259,23.9943,23.9627,23.9312,23.8996,23.868,23.8364,23.8049,23.7733,23.7417,23.7102,23.6786,23.647,23.6154,23.5839,23.5523,23.5207,23.4892,23.4576,23.426,23.3944
2024-06-14,-0.0315,-0.0316,-0.0316,-0.0315,-0.0316,-0.0316,-0.0316,-0.0315,-0.0316,-0.0316,-0.0315,-0.0316,-0.0316,-0.0316,-0.0315,-0.0316,-0.0316,-0.0316,-0.0315,-0.0316,-0.0316,-0.0315,-0.0316,-0.0316,23.3629,23.3313,23.2997,23.2682,23.2366,23.205,23.1734,23.1419,23.1103,23.0787,23.0472,23.0156,22.984,22.9524,22.9209,22.8893,22.8577,22.8261,22.7946,22.763,22.7314,22.6999,22.6683,22.6367
2024-06-15,-0.0316,-0.0315,-0.0316,-0.0316,-0.0315,-0.0316,-0.0316,-0.0316,-0.0315,-0.0316,-0.0316,-0.0315,-0.0316,-0.0316,-0.0316,-0.0315,-0.0316,-0.0316,-0.0315,-0.0316,-0.0316,-0.0316,-0.0315,-0.0316,22.6051,22.5736,22.542,22.5104,22.4789,22.4473,22.4157,22.3841,22.3526,22.321,22.2894,22.2579,22.2263,22.1947,22.1631,22.1316,22.1,22.0684,22.0369,22.0053,21.9737,21.9421,21.9106,21.879
2024-06-16,-0.0316,-0.0315,-0.0316,-0.0316,-0.0316,-0.0315,-0.0316,-0.0316,-0.0315,-0.0316,-0.0316,-0.0316,-0.0315,-0.0316,-0.0316,-0.0315,-0.0316,-0.0316,-0.0316,-0.0315,-0.0316,-0.0316,-0.0315,-0.0316,21.8474,21.8159,21.7843,21.7527,21.7211,21.6896,21.658,21.6264,21.5949,21.5633,21.5317,21.5001,21.4686,21.437,21.4054,21.3739,21.3423,21.3107,21.2791,21.2476,21.216,21.1844,21.1529,21.1213
2024-06-17,-0.0316,-0.0316,-0.0315,-0.0316,-0.0316,-0.0315,-0.0316,-0.0316,-0.0316,-0.0315,-0.0316,-0.0316,-0.0315,-0.0316,-0.0316,-0.0316,-0.0315,-0.0316,-0.0316,-0.0315,-0.0316,-0.0316,-0.0316,-0.0315,21.0897,21.0581,21.0266,20.995,20.9634,20.9319,20.9003,20.8687,20.8371,20.8056,20.774,20.7424,20.7109,20.6793,20.6477,20.6161,20.5846,20.553,20.5214,20.4899,20.4583,20.4267,20.3951,20.3636
2024-06-18,-0.0316,-0.0316,-0.0315,-0.0316,-0.0316,-0.0316,-0.0315,-0.0316,-0.0316,-0.0315,-0.0316,-0.0316,-0.0316,-0.0315,-0.0316,-0.0316,-0.0315,-0.0316,-0.0316,-0.0316,-0.0315,-0.0316,-0.0316,-0.0315,20.332,20.3004,20.2689,20.2373,20.2057,20.1741,20.1426,20.111,20.0794,20.0479,20.0163,19.9847,19.9531,19.9216,19.89,19.8584,19.8269,19.7953,19.7637,19.7321,19.7006,19.669,19.6374,19.6059
2024-06-19,-0.0316,-0.0316,-0.0316,-0.0315,-0.0316,-0.0316,-0.0315,-0.0316,-0.0316,-0.0316,-0.0315,-0.0316,-0.0316,-0.0316,-0.0315,-0.0316,-0.0316,-0.0315,-0.0316,-0.0316,-0.0316,-0.0315,-0.0316,-0.0316,19.5743,19.5427,19.5111,19.4796,19.448,19.4164,19.3849,19.3533,19.3217,19.2901,19.2586,19.227,19.1954,19.1638,19.1323,19.1007,19.0691,19.0376,19.006,18.9744,18.9428,18.9113,18.8797,18.8481
2024-06-20,-0.0315,-0.0316,-0.0316,-0.0316,-0.0315,-0.0316,-0.0316,-0.0315,-0.0316,-0.0316,-0.0316,-0.0315,-0.0316,-0.0316,-0.0315,-0.0316,-0.0316,-0.0316,-0.0315,-0.0316,-0.0316,-0.0315,-0.0316,-0.0316,18.8166,18.785,18.7534,18.7218,18.6903,18.6587,18.6271,18.5956,18.564,18.5324,18.5008,18.4693,18.4377,18.4061,18.3746,18.343,18.3114,18.2798,18.2483,18.2167,18.1851,18.1536,18.122,18.0904
2024-06-21,-0.0316,-0.0315,-0.0316,-0.0316,-0.0315,-0.0316,-0.0316,-0.0316,-0.0315,-0.0316,-0.0316,-0.0315,-0.0316,-0.0316,-0.0316,-0.0315,-0.0316,-0.0316,-0.0315,-0.0316,-0.0316,-0.0316,-0.0315,-0.0316,18.0588,18.0273,17.9957,17.9641,17.9326,17.901,17.8694,17.8378,17.8063,17.7747,17.7431,17.7116,17.68,17.6484,17.6168,17.5853,17.5537,17.5221,17.4906,17.459,17.4274,17.3958,17.3643,17.3327
2024-06-22,-0.0316,-0.0315,-0.0316,-0.0316,-0.0316,-0.0315,-0.0316,-0.0316,-0.0315,-0.0316,-0.0316,-0.0316,-0.0315,-0.0316,-0.0316,-0.0315,-0.0316,-0.0316,-0.0316,-0.0315,-0.0316,-0.0316,-0.0315,-0.0316,17.3011,17.2696,17.238,17.2064,17.1748,17.1433,17.1117,17.0801,17.0486,17.017,16.9854,16.9538,16.9223,16.8907,16.8591,16.8276,16.796,16.7644,16.7328,16.7013,16.6697,16.6381,16.6066,16.575
2024-06-23,-0.0316,-0.0316,-0.0315,-0.0316,-0.0316,-0.0315,-0.0316,-0.0316,-0.0316,-0.0315,-0.0316,-0.0316,-0.0315,-0.0316,-0.0316,-0.0316,-0.0315,-0.0316,-0.0316,-0.0315,-0.0316,-0.0316,-0.0316,-0.0315,16.5434,16.5118,16.4803,16.4487,16.4171,16.3856,16.354,16.3224,16.2908,16.2593,16.2277,16.1961,16.1646,16.133,16.1014,16.0698,16.0383,16.0067,15.9751,15.9436,15.912,15.8804,15.8488,15.8173
2024-06-24,-0.0316,-0.0316,-0.0316,-0.0315,-0.0316,-0.0316,-0.0315,-0.0316,-0.0316,-0.0316,-0.0315,-0.0316,-0.0316,-0.0315,-0.0316,-0.0316,-0.0316,-0.0315,-0.0316,-0.0316,-0.0315,-0.0316,-0.0316,-0.0316,15.7857,15.7541,15.7225,15.691,15.6594,15.6278,15.5963,15.5647,15.5331,15.5015,15.47,15.4384,15.4068,15.3753,15.3437,15.3121,15.2805,15.249,15.2174,15.1858,15.1543,15.1227,15.0911,15.0595
2024-06-25,-0.0315,0.0,0.0,-4.9259,-0.938,-0.6574,-0.6573,-0.6573,-0.6573,-0.6574,-7.2699,-1.7857,-3.564,0.0,0.0,-2.8809,-2.3483,-1.6865,-1.9598,-2.1505,-5.1058,-6.526,-12.1749,-8.7915,15.028,28.6659,36.2648,31.3389,30.4009,29.7435,29.0862,28.4289,27.7716,27.1142,19.8443,18.0586,14.4946,41.4839,71.7631,68.8822,66.5339,64.8474,62.8876,60.7371,55.6313,49.1053,36.9304,28.1389
2024-06-26,-9.0074,0.0,0.0,0.0,0.0,0.0,0.0,-0.5132,-1.7178,-8.5795,-2.6508,0.0,0.0,-1.7022,-2.0615,-2.2307,-2.1463,-1.4435,-2.0155,-2.458,-1.9556,-6.0293,-12.8578,-7.4179,19.1315,49.9641,99.4468,100.0,100.0,100.0,100.0,99.4868,97.769,89.1895,86.5387,86.7234,88.3253,86.6231,84.5616,82.3309,80.1846,78.7411,76.7256,74.2676,72.312,66.2827,53.4249,46.007
2024-06-27,-5.7317,-3.8603,-1.3569,-1.357,-1.1958,-1.0237,-1.0237,-1.0237,-1.0237,-3.9139,-9.73,-3.8164,-0.9667,-4.8247,0.0,-5.1974,-7.6418,-4.0424,-1.324,0.0,0.0,0.0,-8.6727,-11.3834,40.2753,36.415,35.0581,33.7011,32.5053,31.4816,30.4579,29.4342,28.4105,24.4966,14.7666,10.9502,9.9835,5.1588,36.2056,31.0082,23.3664,19.324,18.0,18.0,68.857,82.0698,73.3971,62.0137
2024-06-28,-2.9941,-1.0643,-0.4911,-0.491,-0.4911,-0.4911,-0.4911,-0.4911,-1.061,-1.0714,-1.0714,-3.1019,-6.9136,-7.0492,-4.4776,-1.535,-1.5349,-1.9772,-2.0407,-3.6022,-3.1139,-2.2331,-2.2257,0.0,59.0196,57.9553,57.4642,56.9732,56.4821,55.991,55.4999,55.0088,53.9478,52.8764,51.805,48.7031,41.7895,34.7403,30.2627,28.7277,27.1928,25.2156,23.1749,19.5727,16.4588,14.2257,12.0,17.8961
2024-06-29,0.0,0.0,-0.3942,-0.3943,-0.3942,-0.3943,-0.5666,-0.6557,-0.6558,-0.6906,-1.1291,-4.6416,0.0,0.0,0.0,-3.1283,-6.813,-7.5782,-6.0669,-6.2865,-7.834,-9.9641,-9.6181,-9.8131,19.5768,19.7114,19.3172,18.9229,18.5287,18.1344,17.5678,16.9121,16.2563,15.5657,14.4366,9.795,48.1334,98.8905,100.0,96.8717,90.0587,82.4805,76.4136,70.1271,62.2931,52.329,42.7109,32.8978
2024-06-30,-3.7534,-1.8692,-6.0966,-8.1786,-6.3709,0.0,0.0,-1.5382,-2.5851,-0.4245,-0.4245,-2.4047,-6.9685,-2.9065,-12.7467,-2.6909,-2.4018,-3.1156,-1.4987,-1.6559,-2.6503,-4.8145,-12.6643,-6.8413,29.1444,27.2752,21.1786,13.0,6.6291,89.6148,100.0,98.4618,95.8767,95.4522,95.0277,92.623,85.6545,82.748,70.0013,67.3104,64.9086,61.793,60.2943,58.6384,55.9881,51.1736,38.5093,31.668
2024-07-01,-5.7174,-2.7884,-1.4064,-1.4065,-1.3882,-0.9566,-0.9566,-0.9565,-5.3304,-1.5877,-1.3491,0.0,0.0,0.0,-10.1684,-1.8434,-1.2232,-2.1829,-5.743,-2.4947,-1.8095,-8.377,-6.1931,-6.962,25.9506,23.1622,21.7558,20.3493,18.9611,18.0045,17.0479,16.0914,10.761,9.1733,7.8242,19.849,58.7537,95.8742,85.7058,83.8624,82.6392,80.4563,74.7133,72.2186,70.4091,62.0321,55.839,48.877
2024-07-02,-2.4615,-0.7107,-0.7107,-0.7107,-0.7356,-0.7523,-0.7522,-0.7522,-0.7522,-0.7523,-0.7522,-3.0647,-2.9378,-7.0729,-2.6605,-5.501,-3.3061,0.0,0.0,-8.557,-1.6144,-7.2643,-6.9104,-5.1191,46.4155,45.7048,44.9941,44.2834,43.5478,42.7955,42.0433,41.2911,40.5389,39.7866,39.0344,35.9697,33.0319,25.959,23.2985,17.7975,14.4914,54.6341,87.7824,79.2254,77.611,70.3467,63.4363,58.3172
2024-07-03,-1.6122,-1.6123,-0.6109,-0.5497,-0.5498,-0.5498,-0.5498,-0.5498,-0.5498,-0.5498,-0.5497,-3.0037,-1.3219,-1.2715,-3.1876,-5.6824,-6.0344,-11.1404,0.0,0.0,-3.4466,-9.4329,-11.5219,-6.7694,56.705,55.0927,54.4818,53.9321,53.3823,52.8325,52.2827,51.7329,51.1831,50.6333,50.0836,47.0799,45.758,44.4865,41.2989,35.6165,29.5821,18.4417,35.4076,65.8044,62.3578,52.9249,41.403,34.6336
2024-07-04,-9.7082,-6.9237,-6.0017,-5.743,0.0,0.0,0.0,0.0,0.0,0.0,0.0,-3.8004,-4.9212,-3.4201,-2.7842,-4.0545,-3.5842,-5.2908,-4.0474,-5.4117,-9.1954,-11.9448,-11.7895,-10.1505,24.9254,18.0017,12.0,6.257,20.8793,35.5016,50.124,64.7463,79.3686,93.9909,99.8579,96.0575,91.1363,87.7162,84.932,80.8775,77.2933,72.0025,67.9551,62.5434,53.348,41.4032,29.6137,19.4632
2024-07-05,-9.9972,0.0,0.0,-0.9577,-0.637,-0.637,-0.6371,-0.7096,-0.931,-0.931,-1.104,-5.8661,-5.3849,-6.3242,-3.0973,-2.3097,-2.3806,-2.9759,-4.1849,-8.4064,-8.2263,-7.6487,0.0,0.0,9.466,67.6979,78.3484,77.3907,76.7537,76.1167,75.4796,74.77,73.839,72.908,71.804,65.9379,60.553,54.2288,51.1315,48.8218,46.4412,43.4653,39.2804,30.874,22.6477,14.999,22.2692,33.0318
2024-07-06,0.0,0.0,-3.5536,0.0,0.0,0.0,0.0,0.0,0.0,0.0,0.0,0.0,-3.4667,-7.6436,-6.4445,-7.8398,-5.6414,-6.964,-3.5911,-8.0578,-14.6322,-14.7756,0.0,-9.7892,34.5944,57.4048,53.8512,96.5935,100.0,100.0,100.0,100.0,100.0,100.0,100.0,100.0,96.5333,88.8897,82.4452,74.6054,68.964,62.0,58.4089,50.3511,35.7189,20.9433,25.7892,16.0
2024-07-07,-7.1517,-1.3484,-1.397,-1.3971,-1.3971,-1.3971,0.0,0.0,0.0,0.0,0.0,0.0,-0.5105,-3.4993,-6.9608,-7.9233,-7.3787,-5.1155,-11.929,-12.3847,-13.7796,0.0,-9.8677,-10.9993,8.8483,7.4999,6.1029,4.7058,3.3087,1.9116,5.9814,20.3176,34.6538,48.99,63.3262,79.84,79.3295,75.8302,68.8694,60.9461,53.5674,48.4519,36.5229,24.1382,10.3586,49.8464,39.9787,28.9794
2024-07-08,0.0,0.0,0.0,0.0,0.0,0.0,0.0,0.0,0.0,0.0,-3.8374,-5.7952,-8.0956,-2.2308,-1.5239,-1.8011,-5.542,-8.1686,-3.5331,-5.2318,-2.8869,-9.7472,-11.7059,-9.9104,88.6341,100.0,100.0,100.0,100.0,100.0,100.0,100.0,100.0,100.0,96.1626,90.3674,82.2718,80.041,78.5171,76.716,71.174,63.0054,59.4723,54.2405,51.3536,41.6064,29.9005,19.9901
2024-07-09,-2.6291,-1.8706,0.0,0.0,0.0,0.0,-0.6584,-0.6584,-0.6585,-0.6584,-0.6584,-5.1635,-6.824,-1.9797,-2.1434,-2.7777,-1.3182,-1.5493,-3.0723,-1.8071,-2.208,-3.0007,-7.519,-7.2969,17.361,15.4904,37.0353,64.4426,71.5924,72.4712,71.8128,71.1544,70.4959,69.8375,69.1791,64.0156,57.1916,55.2119,53.0685,50.2908,48.9726,47.4233,44.351,42.5439,40.3359,37.3352,29.8162,22.5193
2024-07-10,-1.5232,-1.2193,-0.6449,-0.6449,-0.645,-0.6449,-0.6449,-0.6215,-0.4817,-0.6793,-4.627,0.0,-1.7245,-2.7576,-2.2872,-2.1516,-6.4084,-6.4898,-6.9195,-2.7124,0.0,0.0,-9.161,-8.8548,20.9961,19.7768,19.1319,18.487,17.842,17.1971,16.5522,15.9307,15.449,14.7697,10.1427,61.64,59.9155,57.1579,54.8707,52.7191,46.3107,39.8209,32.9014,30.189,38.7253,72.9521,63.7911,54.9363
2024-07-11,-5.3974,-0.9094,-0.6557,-0.6557,-0.6557,-0.6557,-0.6557,-0.6558,-0.6557,-0.9065,-0.9227,-4.8536,-2.1997,-2.7956,-3.2105,-1.7346,-1.919,-3.5386,-2.6175,0.0,0.0,0.0,0.0,-4.6352,49.5389,48.6295,47.9738,47.3181,46.6624,46.0067,45.351,44.6952,44.0395,43.133,42.2103,37.3567,35.157,32.3614,29.1509,27.4163,25.4973,21.9587,19.3412,20.2625,69.8185,72.7603,73.2022,68.567
2024-07-12,-0.9707,-0.4693,-0.4692,-0.4693,-0.4693,-0.4693,-0.4692,-0.4693,-0.4693,-0.4692,-0.9823,-2.8041,-2.3621,-3.865,-3.4793,-7.2807,-2.993,-2.1995,-2.2873,-2.4791,-4.4877,0.0,-5.7611,-4.7992,67.5963,67.127,66.6578,66.1885,65.7192,65.2499,64.7807,64.3114,63.8421,63.3729,62.3906,59.5865,57.2244,53.3594,49.8801,42.5994,39.6064,37.4069,35.1196,32.6405,28.1528,75.7455,69.9844,65.1852
2024-07-13,-6.8141,-2.705,-0.6128,-0.6128,-0.6127,-0.6128,-0.6127,-0.6128,-0.6127,-1.5297,-3.4018,-3.0931,-1.5207,-1.5513,-2.6977,0.0,-0.2705,-3.8058,-7.5802,0.0,0.0,-6.7187,-6.7901,-8.6052,58.3711,55.6661,55.0533,54.4405,53.8278,53.215,52.6023,51.9895,51.3768,49.8471,46.4453,43.3522,41.8315,40.2802,37.5825,50.3494,50.0789,46.2731,38.6929,40.7878,51.1147,44.396,37.6059,29.0007
2024-07-14,-3.5605,-0.7466,-0.7466,-0.7465,-0.7466,-0.7466,-0.7635,-1.0695,-1.0695,-1.0694,0.0,0.0,-9.3344,0.0,0.0,-6.1861,-1.9661,-7.3222,-2.4889,-1.7477,-3.7728,-7.1365,-6.2958,-8.7334,25.4402,24.6936,23.947,23.2005,22.4539,21.7073,20.9438,19.8743,18.8048,17.7354,20.7564,31.9867,22.6523,87.7113,93.5203,87.3342,85.3681,78.0459,75.557,73.8093,70.0365,62.9,56.6042,47.8708
2024-07-15,-7.0951,-5.4923,-8.551,-1.3721,-1.3721,-1.1999,-0.7566,-0.7566,-0.7566,-1.1243,0.0,0.0,-3.4612,-3.2277,-3.6805,-3.2301,-2.8247,-5.9095,-5.4026,-3.3518,-5.7917,-4.7392,-6.5082,-1.2501,40.7757,35.2834,26.7324,25.3603,23.9882,22.7883,22.0317,21.2751,20.5185,19.3942,23.003,72.0292,68.568,65.3403,61.6598,58.4297,55.605,49.6955,44.2929,40.9411,35.1494,30.4102,23.902,22.6519
2024-07-16,-5.6729,-6.1351,-0.8933,-0.5458,-0.5457,-0.5458,-0.5378,-0.527,-0.527,-0.527,0.0,0.0,-4.507,-9.2507,-6.2977,-8.9492,-8.6626,-6.0066,-4.4148,-4.0809,-7.6145,-9.4838,0.0,-8.6853,16.979,10.8439,9.9506,9.4048,8.8591,8.3133,7.7755,7.2485,6.7215,6.1945,49.2195,88.8793,84.3723,75.1216,68.8239,59.8747,51.2121,45.2055,40.7907,36.7098,29.0953,19.6115,51.2119,42.5266
2024-07-17,-4.043,-0.4836,0.0,0.0,0.0,0.0,0.0,0.0,0.0,0.0,0.0,0.0,0.0,0.0,0.0,0.0,0.0,0.0,0.0,0.0,0.0,0.0,0.0,0.0,38.4836,38.0,38.0,38.0,38.0,38.0,38.0,38.0,38.0,38.0,38.0,38.0,38.0,38.0,38.0,38.0,38.0,38.0,38.0,38.0,38.0,38.0,38.0,38.0
