ID,TimeStamp,ChargingStatus,Soc,DischargeLevel,DateTime,Date,dayofweek,dayname,month,monthname,dSocdt
575e4b32b6c90a70d7cda91d7f1643dc600c39d31f2322ff3ea8b3db28e0f082,1714874,0,36.0,64265.0,2024-05-05 02:00:00,2024-05-05,6,Sunday,5,May,0.0
575e4b32b6c90a70d7cda91d7f1643dc600c39d31f2322ff3ea8b3db28e0f082,1714878,0,28.9567,64275.0,2024-05-05 03:00:00,2024-05-05,6,Sunday,5,May,-7.0433
575e4b32b6c90a70d7cda91d7f1643dc600c39d31f2322ff3ea8b3db28e0f082,1714881,0,23.9574,64280.1065,2024-05-05 04:00:00,2024-05-05,6,Sunday,5,May,-4.9993
575e4b32b6c90a70d7cda91d7f1643dc600c39d31f2322ff3ea8b3db28e0f082,1714885,1,28.2399,64285.0,2024-05-05 05:00:00,2024-05-05,6,Sunday,5,May,4.2825
575e4b32b6c90a70d7cda91d7f1643dc600c39d31f2322ff3ea8b3db28e0f082,1714888,1,84.9033,64285.0,2024-05-05 06:00:00,2024-05-05,6,Sunday,5,May,56.6634
575e4b32b6c90a70d7cda91d7f1643dc600c39d31f2322ff3ea8b3db28e0f082,1714892,1,100.0,64285.0,2024-05-05 07:00:00,2024-05-05,6,Sunday,5,May,15.0967
575e4b32b6c90a70d7cda91d7f1643dc600c39d31f2322ff3ea8b3db28e0f082,1714896,0,100.0,64285.0,2024-05-05 08:00:00,2024-05-05,6,Sunday,5,May,0.0
575e4b32b6c90a70d7cda91d7f1643dc600c39d31f2322ff3ea8b3db28e0f082,1714899,0,100.0,64285.0,2024-05-05 09:00:00,2024-05-05,6,Sunday,5,May,0.0
575e4b32b6c90a70d7cda91d7f1643dc600c39d31f2322ff3ea8b3db28e0f082,1714903,0,96.9485,64285.0,2024-05-05 10:00:00,2024-05-05,6,Sunday,5,May,-3.0515
575e4b32b6c90a70d7cda91d7f1643dc600c39d31f2322ff3ea8b3db28e0f082,1714906,0,95.1461,64289.2696,2024-05-05 11:00:00,2024-05-05,6,Sunday,5,May,-1.8024
575e4b32b6c90a70d7cda91d7f1643dc600c39d31f2322ff3ea8b3db28e0f082,1714910,0,92.8649,64295.0,2024-05-05 12:00:00,2024-05-05,6,Sunday,5,May,-2.2812
575e4b32b6c90a70d7cda91d7f1643dc600c39d31f2322ff3ea8b3db28e0f082,1714914,0,86.4468,64296.8441,2024-05-05 13:00:00,2024-05-05,6,Sunday,5,May,-6.4181
575e4b32b6c90a70d7cda91d7f1643dc600c39d31f2322ff3ea8b3db28e0f082,1714917,0,75.4736,64306.7545,2024-05-05 14:00:00,2024-05-05,6,Sunday,5,May,-10.9732
575e4b32b6c90a70d7cda91d7f1643dc600c39d31f2322ff3ea8b3db28e0f082,1714921,0,62.7504,64325.0,2024-05-05 15:00:00,2024-05-05,6,Sunday,5,May,-12.7232
575e4b32b6c90a70d7cda91d7f1643dc600c39d31f2322ff3ea8b3db28e0f082,1714924,0,45.7031,64335.4949,2024-05-05 16:00:00,2024-05-05,6,Sunday,5,May,-17.0473
575e4b32b6c90a70d7cda91d7f1643dc600c39d31f2322ff3ea8b3db28e0f082,1714928,0,26.8039,64355.4902,2024-05-05 17:00:00,2024-05-05,6,Sunday,5,May,-18.8992
575e4b32b6c90a70d7cda91d7f1643dc600c39d31f2322ff3ea8b3db28e0f082,1714932,1,39.7281,64365.0,2024-05-05 18:00:00,2024-05-05,6,Sunday,5,May,12.9242
575e4b32b6c90a70d7cda91d7f1643dc600c39d31f2322ff3ea8b3db28e0f082,1714935,1,49.8556,64375.0,2024-05-05 19:00:00,2024-05-05,6,Sunday,5,May,10.1275
575e4b32b6c90a70d7cda91d7f1643dc600c39d31f2322ff3ea8b3db28e0f082,1714939,0,37.8659,64385.3352,2024-05-05 20:00:00,2024-05-05,6,Sunday,5,May,-11.9897
575e4b32b6c90a70d7cda91d7f1643dc600c39d31f2322ff3ea8b3db28e0f082,1714942,0,27.12,64395.0,2024-05-05 21:00:00,2024-05-05,6,Sunday,5,May,-10.7459
575e4b32b6c90a70d7cda91d7f1643dc600c39d31f2322ff3ea8b3db28e0f082,1714946,0,15.6581,64406.0968,2024-05-05 22:00:00,2024-05-05,6,Sunday,5,May,-11.4619
575e4b32b6c90a70d7cda91d7f1643dc600c39d31f2322ff3ea8b3db28e0f082,1714950,1,67.9886,64415.0,2024-05-05 23:00:00,2024-05-05,6,Sunday,5,May,52.3305
575e4b32b6c90a70d7cda91d7f1643dc600c39d31f2322ff3ea8b3db28e0f082,1714953,1,96.7811,64415.0,2024-05-06 00:00:00,2024-05-06,0,Monday,5,May,28.7925
575e4b32b6c90a70d7cda91d7f1643dc600c39d31f2322ff3ea8b3db28e0f082,1714957,0,94.1676,64418.6419,2024-05-06 01:00:00,2024-05-06,0,Monday,5,May,-2.6135
575e4b32b6c90a70d7cda91d7f1643dc600c39d31f2322ff3ea8b3db28e0f082,1714960,0,93.0967,64423.3269,2024-05-06 02:00:00,2024-05-06,0,Monday,5,May,-1.0709
575e4b32b6c90a70d7cda91d7f1643dc600c39d31f2322ff3ea8b3db28e0f082,1714964,0,92.0258,64428.0119,2024-05-06 03:00:00,2024-05-06,0,Monday,5,May,-1.0709
575e4b32b6c90a70d7cda91d7f1643dc600c39d31f2322ff3ea8b3db28e0f082,1714968,0,90.955,64432.697,2024-05-06 04:00:00,2024-05-06,0,Monday,5,May,-1.0708
575e4b32b6c90a70d7cda91d7f1643dc600c39d31f2322ff3ea8b3db28e0f082,1714971,0,89.8841,64437.382,2024-05-06 05:00:00,2024-05-06,0,Monday,5,May,-1.0709
575e4b32b6c90a70d7cda91d7f1643dc600c39d31f2322ff3ea8b3db28e0f082,1714975,0,88.8133,64442.067,2024-05-06 06:00:00,2024-05-06,0,Monday,5,May,-1.0708
575e4b32b6c90a70d7cda91d7f1643dc600c39d31f2322ff3ea8b3db28e0f082,1714978,0,87.7424,64446.7521,2024-05-06 07:00:00,2024-05-06,0,Monday,5,May,-1.0709
575e4b32b6c90a70d7cda91d7f1643dc600c39d31f2322ff3ea8b3db28e0f082,1714982,0,86.6715,64451.4371,2024-05-06 08:00:00,2024-05-06,0,Monday,5,May,-1.0709
575e4b32b6c90a70d7cda91d7f1643dc600c39d31f2322ff3ea8b3db28e0f082,1714986,0,85.6007,64456.1221,2024-05-06 09:00:00,2024-05-06,0,Monday,5,May,-1.0708
575e4b32b6c90a70d7cda91d7f1643dc600c39d31f2322ff3ea8b3db28e0f082,1714989,0,84.5298,64460.8071,2024-05-06 10:00:00,2024-05-06,0,Monday,5,May,-1.0709
575e4b32b6c90a70d7cda91d7f1643dc600c39d31f2322ff3ea8b3db28e0f082,1714993,0,83.4589,64465.4922,2024-05-06 11:00:00,2024-05-06,0,Monday,5,May,-1.0709
575e4b32b6c90a70d7cda91d7f1643dc600c39d31f2322ff3ea8b3db28e0f082,1714996,0,82.3881,64470.1772,2024-05-06 12:00:00,2024-05-06,0,Monday,5,May,-1.0708
575e4b32b6c90a70d7cda91d7f1643dc600c39d31f2322ff3ea8b3db28e0f082,1715000,0,81.3172,64474.8622,2024-05-06 13:00:00,2024-05-06,0,Monday,5,May,-1.0709
575e4b32b6c90a70d7cda91d7f1643dc600c39d31f2322ff3ea8b3db28e0f082,1715004,0,80.2463,64479.5473,2024-05-06 14:00:00,2024-05-06,0,Monday,5,May,-1.0709
575e4b32b6c90a70d7cda91d7f1643dc600c39d31f2322ff3ea8b3db28e0f082,1715007,0,79.1755,64484.2323,2024-05-06 15:00:00,2024-05-06,0,Monday,5,May,-1.0708
575e4b32b6c90a70d7cda91d7f1643dc600c39d31f2322ff3ea8b3db28e0f082,1715011,1,99.6745,64486.0849,2024-05-06 16:00:00,2024-05-06,0,Monday,5,May,20.499
575e4b32b6c90a70d7cda91d7f1643dc600c39d31f2322ff3ea8b3db28e0f082,1715014,0,94.9283,64495.0,2024-05-06 17:00:00,2024-05-06,0,Monday,5,May,-4.7462
575e4b32b6c90a70d7cda91d7f1643dc600c39d31f2322ff3ea8b3db28e0f082,1715018,0,89.5345,64498.6638,2024-05-06 18:00:00,2024-05-06,0,Monday,5,May,-5.3938
575e4b32b6c90a70d7cda91d7f1643dc600c39d31f2322ff3ea8b3db28e0f082,1715022,0,81.7864,64505.0,2024-05-06 19:00:00,2024-05-06,0,Monday,5,May,-7.7481
575e4b32b6c90a70d7cda91d7f1643dc600c39d31f2322ff3ea8b3db28e0f082,1715025,0,75.5025,64515.0,2024-05-06 20:00:00,2024-05-06,0,Monday,5,May,-6.2839
575e4b32b6c90a70d7cda91d7f1643dc600c39d31f2322ff3ea8b3db28e0f082,1715029,0,67.215,64525.0,2024-05-06 21:00:00,2024-05-06,0,Monday,5,May,-8.2875
575e4b32b6c90a70d7cda91d7f1643dc600c39d31f2322ff3ea8b3db28e0f082,1715032,0,55.4434,64535.0,2024-05-06 22:00:00,2024-05-06,0,Monday,5,May,-11.7716
575e4b32b6c90a70d7cda91d7f1643dc600c39d31f2322ff3ea8b3db28e0f082,1715036,0,49.2292,64536.9271,2024-05-06 23:00:00,2024-05-06,0,Monday,5,May,-6.2142
575e4b32b6c90a70d7cda91d7f1643dc600c39d31f2322ff3ea8b3db28e0f082,1715040,0,40.8908,64549.2184,2024-05-07 00:00:00,2024-05-07,1,Tuesday,5,May,-8.3384
575e4b32b6c90a70d7cda91d7f1643dc600c39d31f2322ff3ea8b3db28e0f082,1715043,0,26.3142,64565.0,2024-05-07 01:00:00,2024-05-07,1,Tuesday,5,May,-14.5766
575e4b32b6c90a70d7cda91d7f1643dc600c39d31f2322ff3ea8b3db28e0f082,1715047,0,14.7372,64575.0,2024-05-07 02:00:00,2024-05-07,1,Tuesday,5,May,-11.577
575e4b32b6c90a70d7cda91d7f1643dc600c39d31f2322ff3ea8b3db28e0f082,1715050,1,35.586,64575.0,2024-05-07 03:00:00,2024-05-07,1,Tuesday,5,May,20.8488
575e4b32b6c90a70d7cda91d7f1643dc600c39d31f2322ff3ea8b3db28e0f082,1715054,1,97.8835,64575.0,2024-05-07 04:00:00,2024-05-07,1,Tuesday,5,May,62.2975
575e4b32b6c90a70d7cda91d7f1643dc600c39d31f2322ff3ea8b3db28e0f082,1715058,1,100.0,64575.0,2024-05-07 05:00:00,2024-05-07,1,Tuesday,5,May,2.1165
575e4b32b6c90a70d7cda91d7f1643dc600c39d31f2322ff3ea8b3db28e0f082,1715061,0,100.0,64575.0,2024-05-07 06:00:00,2024-05-07,1,Tuesday,5,May,0.0
575e4b32b6c90a70d7cda91d7f1643dc600c39d31f2322ff3ea8b3db28e0f082,1715065,0,100.0,64575.0,2024-05-07 07:00:00,2024-05-07,1,Tuesday,5,May,0.0
575e4b32b6c90a70d7cda91d7f1643dc600c39d31f2322ff3ea8b3db28e0f082,1715068,0,100.0,64575.0,2024-05-07 08:00:00,2024-05-07,1,Tuesday,5,May,0.0
575e4b32b6c90a70d7cda91d7f1643dc600c39d31f2322ff3ea8b3db28e0f082,1715072,0,99.6017,64575.7967,2024-05-07 09:00:00,2024-05-07,1,Tuesday,5,May,-0.3983
575e4b32b6c90a70d7cda91d7f1643dc600c39d31f2322ff3ea8b3db28e0f082,1715076,0,95.7192,64583.5615,2024-05-07 10:00:00,2024-05-07,1,Tuesday,5,May,-3.8825
575e4b32b6c90a70d7cda91d7f1643dc600c39d31f2322ff3ea8b3db28e0f082,1715079,0,78.7066,64597.5868,2024-05-07 11:00:00,2024-05-07,1,Tuesday,5,May,-17.0126
575e4b32b6c90a70d7cda91d7f1643dc600c39d31f2322ff3ea8b3db28e0f082,1715083,0,58.1147,64617.2133,2024-05-07 12:00:00,2024-05-07,1,Tuesday,5,May,-20.5919
575e4b32b6c90a70d7cda91d7f1643dc600c39d31f2322ff3ea8b3db28e0f082,1715086,0,46.9561,64631.813,2024-05-07 13:00:00,2024-05-07,1,Tuesday,5,May,-11.1586
575e4b32b6c90a70d7cda91d7f1643dc600c39d31f2322ff3ea8b3db28e0f082,1715090,0,35.4757,64645.0,2024-05-07 14:00:00,2024-05-07,1,Tuesday,5,May,-11.4804
575e4b32b6c90a70d7cda91d7f1643dc600c39d31f2322ff3ea8b3db28e0f082,1715094,1,50.7957,64655.0,2024-05-07 15:00:00,2024-05-07,1,Tuesday,5,May,15.32
575e4b32b6c90a70d7cda91d7f1643dc600c39d31f2322ff3ea8b3db28e0f082,1715097,1,88.1389,64655.0,2024-05-07 16:00:00,2024-05-07,1,Tuesday,5,May,37.3432
575e4b32b6c90a70d7cda91d7f1643dc600c39d31f2322ff3ea8b3db28e0f082,1715101,0,80.3251,64663.9164,2024-05-07 17:00:00,2024-05-07,1,Tuesday,5,May,-7.8138
575e4b32b6c90a70d7cda91d7f1643dc600c39d31f2322ff3ea8b3db28e0f082,1715104,0,72.398,64666.505,2024-05-07 18:00:00,2024-05-07,1,Tuesday,5,May,-7.9271
575e4b32b6c90a70d7cda91d7f1643dc600c39d31f2322ff3ea8b3db28e0f082,1715108,0,64.8437,64675.0,2024-05-07 19:00:00,2024-05-07,1,Tuesday,5,May,-7.5543
575e4b32b6c90a70d7cda91d7f1643dc600c39d31f2322ff3ea8b3db28e0f082,1715112,0,58.1049,64681.4918,2024-05-07 20:00:00,2024-05-07,1,Tuesday,5,May,-6.7388
575e4b32b6c90a70d7cda91d7f1643dc600c39d31f2322ff3ea8b3db28e0f082,1715115,0,44.9293,64695.1178,2024-05-07 21:00:00,2024-05-07,1,Tuesday,5,May,-13.1756
575e4b32b6c90a70d7cda91d7f1643dc600c39d31f2322ff3ea8b3db28e0f082,1715119,0,37.2022,64705.0,2024-05-07 22:00:00,2024-05-07,1,Tuesday,5,May,-7.7271
575e4b32b6c90a70d7cda91d7f1643dc600c39d31f2322ff3ea8b3db28e0f082,1715122,0,32.4132,64708.9671,2024-05-07 23:00:00,2024-05-07,1,Tuesday,5,May,-4.789
575e4b32b6c90a70d7cda91d7f1643dc600c39d31f2322ff3ea8b3db28e0f082,1715126,0,18.7007,64725.0,2024-05-08 00:00:00,2024-05-08,2,Wednesday,5,May,-13.7125
575e4b32b6c90a70d7cda91d7f1643dc600c39d31f2322ff3ea8b3db28e0f082,1715130,1,35.3379,64735.0,2024-05-08 01:00:00,2024-05-08,2,Wednesday,5,May,16.6372
575e4b32b6c90a70d7cda91d7f1643dc600c39d31f2322ff3ea8b3db28e0f082,1715133,1,92.572,64735.0,2024-05-08 02:00:00,2024-05-08,2,Wednesday,5,May,57.2341
575e4b32b6c90a70d7cda91d7f1643dc600c39d31f2322ff3ea8b3db28e0f082,1715137,1,100.0,64735.0,2024-05-08 03:00:00,2024-05-08,2,Wednesday,5,May,7.428
575e4b32b6c90a70d7cda91d7f1643dc600c39d31f2322ff3ea8b3db28e0f082,1715140,0,100.0,64735.0,2024-05-08 04:00:00,2024-05-08,2,Wednesday,5,May,0.0
575e4b32b6c90a70d7cda91d7f1643dc600c39d31f2322ff3ea8b3db28e0f082,1715144,0,100.0,64735.0,2024-05-08 05:00:00,2024-05-08,2,Wednesday,5,May,0.0
575e4b32b6c90a70d7cda91d7f1643dc600c39d31f2322ff3ea8b3db28e0f082,1715148,0,100.0,64735.0,2024-05-08 06:00:00,2024-05-08,2,Wednesday,5,May,0.0
575e4b32b6c90a70d7cda91d7f1643dc600c39d31f2322ff3ea8b3db28e0f082,1715151,0,100.0,64735.0,2024-05-08 07:00:00,2024-05-08,2,Wednesday,5,May,0.0
575e4b32b6c90a70d7cda91d7f1643dc600c39d31f2322ff3ea8b3db28e0f082,1715155,0,100.0,64735.0,2024-05-08 08:00:00,2024-05-08,2,Wednesday,5,May,0.0
575e4b32b6c90a70d7cda91d7f1643dc600c39d31f2322ff3ea8b3db28e0f082,1715158,0,100.0,64735.0,2024-05-08 09:00:00,2024-05-08,2,Wednesday,5,May,0.0
575e4b32b6c90a70d7cda91d7f1643dc600c39d31f2322ff3ea8b3db28e0f082,1715162,0,96.0139,64735.0,2024-05-08 10:00:00,2024-05-08,2,Wednesday,5,May,-3.9861
575e4b32b6c90a70d7cda91d7f1643dc600c39d31f2322ff3ea8b3db28e0f082,1715166,0,85.4122,64745.0,2024-05-08 11:00:00,2024-05-08,2,Wednesday,5,May,-10.6017
575e4b32b6c90a70d7cda91d7f1643dc600c39d31f2322ff3ea8b3db28e0f082,1715169,0,72.3879,64764.0303,2024-05-08 12:00:00,2024-05-08,2,Wednesday,5,May,-13.0243
575e4b32b6c90a70d7cda91d7f1643dc600c39d31f2322ff3ea8b3db28e0f082,1715173,0,58.4425,64775.0,2024-05-08 13:00:00,2024-05-08,2,Wednesday,5,May,-13.9454
575e4b32b6c90a70d7cda91d7f1643dc600c39d31f2322ff3ea8b3db28e0f082,1715176,0,45.7758,64785.0,2024-05-08 14:00:00,2024-05-08,2,Wednesday,5,May,-12.6667
575e4b32b6c90a70d7cda91d7f1643dc600c39d31f2322ff3ea8b3db28e0f082,1715180,0,32.0701,64798.0997,2024-05-08 15:00:00,2024-05-08,2,Wednesday,5,May,-13.7057
575e4b32b6c90a70d7cda91d7f1643dc600c39d31f2322ff3ea8b3db28e0f082,1715184,0,25.106,64815.0,2024-05-08 16:00:00,2024-05-08,2,Wednesday,5,May,-6.9641
575e4b32b6c90a70d7cda91d7f1643dc600c39d31f2322ff3ea8b3db28e0f082,1715187,1,88.0086,64815.0,2024-05-08 17:00:00,2024-05-08,2,Wednesday,5,May,62.9026
575e4b32b6c90a70d7cda91d7f1643dc600c39d31f2322ff3ea8b3db28e0f082,1715191,1,93.7702,64816.1489,2024-05-08 18:00:00,2024-05-08,2,Wednesday,5,May,5.7616
575e4b32b6c90a70d7cda91d7f1643dc600c39d31f2322ff3ea8b3db28e0f082,1715194,0,85.0307,64826.6155,2024-05-08 19:00:00,2024-05-08,2,Wednesday,5,May,-8.7395
575e4b32b6c90a70d7cda91d7f1643dc600c39d31f2322ff3ea8b3db28e0f082,1715198,0,63.8496,64845.5012,2024-05-08 20:00:00,2024-05-08,2,Wednesday,5,May,-21.1811
575e4b32b6c90a70d7cda91d7f1643dc600c39d31f2322ff3ea8b3db28e0f082,1715202,0,48.4459,64864.1082,2024-05-08 21:00:00,2024-05-08,2,Wednesday,5,May,-15.4037
575e4b32b6c90a70d7cda91d7f1643dc600c39d31f2322ff3ea8b3db28e0f082,1715205,0,31.68,64883.3,2024-05-08 22:00:00,2024-05-08,2,Wednesday,5,May,-16.7659
575e4b32b6c90a70d7cda91d7f1643dc600c39d31f2322ff3ea8b3db28e0f082,1715209,0,27.2085,64895.0,2024-05-08 23:00:00,2024-05-08,2,Wednesday,5,May,-4.4715
575e4b32b6c90a70d7cda91d7f1643dc600c39d31f2322ff3ea8b3db28e0f082,1715212,1,89.9243,64895.0,2024-05-09 00:00:00,2024-05-09,3,Thursday,5,May,62.7158
575e4b32b6c90a70d7cda91d7f1643dc600c39d31f2322ff3ea8b3db28e0f082,1715216,1,92.3792,64900.8529,2024-05-09 01:00:00,2024-05-09,3,Thursday,5,May,2.4549
575e4b32b6c90a70d7cda91d7f1643dc600c39d31f2322ff3ea8b3db28e0f082,1715220,0,91.7118,64907.1456,2024-05-09 02:00:00,2024-05-09,3,Thursday,5,May,-0.6674
575e4b32b6c90a70d7cda91d7f1643dc600c39d31f2322ff3ea8b3db28e0f082,1715223,0,91.0444,64913.4384,2024-05-09 03:00:00,2024-05-09,3,Thursday,5,May,-0.6674
575e4b32b6c90a70d7cda91d7f1643dc600c39d31f2322ff3ea8b3db28e0f082,1715227,0,90.377,64919.7312,2024-05-09 04:00:00,2024-05-09,3,Thursday,5,May,-0.6674
575e4b32b6c90a70d7cda91d7f1643dc600c39d31f2322ff3ea8b3db28e0f082,1715230,0,89.7096,64926.0239,2024-05-09 05:00:00,2024-05-09,3,Thursday,5,May,-0.6674
575e4b32b6c90a70d7cda91d7f1643dc600c39d31f2322ff3ea8b3db28e0f082,1715234,0,89.0422,64932.3167,2024-05-09 06:00:00,2024-05-09,3,Thursday,5,May,-0.6674
575e4b32b6c90a70d7cda91d7f1643dc600c39d31f2322ff3ea8b3db28e0f082,1715238,0,88.3748,64938.6095,2024-05-09 07:00:00,2024-05-09,3,Thursday,5,May,-0.6674
575e4b32b6c90a70d7cda91d7f1643dc600c39d31f2322ff3ea8b3db28e0f082,1715241,0,87.7073,64944.9022,2024-05-09 08:00:00,2024-05-09,3,Thursday,5,May,-0.6675
575e4b32b6c90a70d7cda91d7f1643dc600c39d31f2322ff3ea8b3db28e0f082,1715245,0,87.0399,64951.195,2024-05-09 09:00:00,2024-05-09,3,Thursday,5,May,-0.6674
575e4b32b6c90a70d7cda91d7f1643dc600c39d31f2322ff3ea8b3db28e0f082,1715248,0,86.3725,64957.4877,2024-05-09 10:00:00,2024-05-09,3,Thursday,5,May,-0.6674
575e4b32b6c90a70d7cda91d7f1643dc600c39d31f2322ff3ea8b3db28e0f082,1715252,0,85.7051,64963.7805,2024-05-09 11:00:00,2024-05-09,3,Thursday,5,May,-0.6674
575e4b32b6c90a70d7cda91d7f1643dc600c39d31f2322ff3ea8b3db28e0f082,1715256,0,85.0377,64970.0733,2024-05-09 12:00:00,2024-05-09,3,Thursday,5,May,-0.6674
575e4b32b6c90a70d7cda91d7f1643dc600c39d31f2322ff3ea8b3db28e0f082,1715259,0,84.3703,64976.366,2024-05-09 13:00:00,2024-05-09,3,Thursday,5,May,-0.6674
575e4b32b6c90a70d7cda91d7f1643dc600c39d31f2322ff3ea8b3db28e0f082,1715263,0,83.7029,64982.6588,2024-05-09 14:00:00,2024-05-09,3,Thursday,5,May,-0.6674
575e4b32b6c90a70d7cda91d7f1643dc600c39d31f2322ff3ea8b3db28e0f082,1715266,0,83.0354,64988.9516,2024-05-09 15:00:00,2024-05-09,3,Thursday,5,May,-0.6675
575e4b32b6c90a70d7cda91d7f1643dc600c39d31f2322ff3ea8b3db28e0f082,1715270,0,82.368,64995.2443,2024-05-09 16:00:00,2024-05-09,3,Thursday,5,May,-0.6674
575e4b32b6c90a70d7cda91d7f1643dc600c39d31f2322ff3ea8b3db28e0f082,1715274,0,81.7006,65001.5371,2024-05-09 17:00:00,2024-05-09,3,Thursday,5,May,-0.6674
575e4b32b6c90a70d7cda91d7f1643dc600c39d31f2322ff3ea8b3db28e0f082,1715277,0,81.0332,65007.8299,2024-05-09 18:00:00,2024-05-09,3,Thursday,5,May,-0.6674
575e4b32b6c90a70d7cda91d7f1643dc600c39d31f2322ff3ea8b3db28e0f082,1715281,0,80.3658,65014.1226,2024-05-09 19:00:00,2024-05-09,3,Thursday,5,May,-0.6674
575e4b32b6c90a70d7cda91d7f1643dc600c39d31f2322ff3ea8b3db28e0f082,1715284,0,79.6984,65020.4154,2024-05-09 20:00:00,2024-05-09,3,Thursday,5,May,-0.6674
575e4b32b6c90a70d7cda91d7f1643dc600c39d31f2322ff3ea8b3db28e0f082,1715288,0,79.031,65026.7081,2024-05-09 21:00:00,2024-05-09,3,Thursday,5,May,-0.6674
575e4b32b6c90a70d7cda91d7f1643dc600c39d31f2322ff3ea8b3db28e0f082,1715292,0,78.3635,65033.0009,2024-05-09 22:00:00,2024-05-09,3,Thursday,5,May,-0.6675
575e4b32b6c90a70d7cda91d7f1643dc600c39d31f2322ff3ea8b3db28e0f082,1715295,0,77.6961,65039.2937,2024-05-09 23:00:00,2024-05-09,3,Thursday,5,May,-0.6674
575e4b32b6c90a70d7cda91d7f1643dc600c39d31f2322ff3ea8b3db28e0f082,1715299,0,77.0287,65045.5864,2024-05-10 00:00:00,2024-05-10,4,Friday,5,May,-0.6674
575e4b32b6c90a70d7cda91d7f1643dc600c39d31f2322ff3ea8b3db28e0f082,1715302,0,76.3613,65051.8792,2024-05-10 01:00:00,2024-05-10,4,Friday,5,May,-0.6674
575e4b32b6c90a70d7cda91d7f1643dc600c39d31f2322ff3ea8b3db28e0f082,1715306,0,75.6939,65058.172,2024-05-10 02:00:00,2024-05-10,4,Friday,5,May,-0.6674
575e4b32b6c90a70d7cda91d7f1643dc600c39d31f2322ff3ea8b3db28e0f082,1715310,0,75.0265,65064.4647,2024-05-10 03:00:00,2024-05-10,4,Friday,5,May,-0.6674
575e4b32b6c90a70d7cda91d7f1643dc600c39d31f2322ff3ea8b3db28e0f082,1715313,0,74.3591,65070.7575,2024-05-10 04:00:00,2024-05-10,4,Friday,5,May,-0.6674
575e4b32b6c90a70d7cda91d7f1643dc600c39d31f2322ff3ea8b3db28e0f082,1715317,0,73.6916,65077.0503,2024-05-10 05:00:00,2024-05-10,4,Friday,5,May,-0.6675
575e4b32b6c90a70d7cda91d7f1643dc600c39d31f2322ff3ea8b3db28e0f082,1715320,0,73.0242,65083.343,2024-05-10 06:00:00,2024-05-10,4,Friday,5,May,-0.6674
575e4b32b6c90a70d7cda91d7f1643dc600c39d31f2322ff3ea8b3db28e0f082,1715324,0,72.3568,65089.6358,2024-05-10 07:00:00,2024-05-10,4,Friday,5,May,-0.6674
575e4b32b6c90a70d7cda91d7f1643dc600c39d31f2322ff3ea8b3db28e0f082,1715328,0,71.6894,65095.9285,2024-05-10 08:00:00,2024-05-10,4,Friday,5,May,-0.6674
575e4b32b6c90a70d7cda91d7f1643dc600c39d31f2322ff3ea8b3db28e0f082,1715331,0,71.022,65102.2213,2024-05-10 09:00:00,2024-05-10,4,Friday,5,May,-0.6674
575e4b32b6c90a70d7cda91d7f1643dc600c39d31f2322ff3ea8b3db28e0f082,1715335,0,70.3546,65108.5141,2024-05-10 10:00:00,2024-05-10,4,Friday,5,May,-0.6674
575e4b32b6c90a70d7cda91d7f1643dc600c39d31f2322ff3ea8b3db28e0f082,1715338,0,69.6872,65114.8068,2024-05-10 11:00:00,2024-05-10,4,Friday,5,May,-0.6674
575e4b32b6c90a70d7cda91d7f1643dc600c39d31f2322ff3ea8b3db28e0f082,1715342,0,69.0197,65121.0996,2024-05-10 12:00:00,2024-05-10,4,Friday,5,May,-0.6675
575e4b32b6c90a70d7cda91d7f1643dc600c39d31f2322ff3ea8b3db28e0f082,1715346,0,68.3523,65127.3924,2024-05-10 13:00:00,2024-05-10,4,Friday,5,May,-0.6674
575e4b32b6c90a70d7cda91d7f1643dc600c39d31f2322ff3ea8b3db28e0f082,1715349,0,67.6849,65133.6851,2024-05-10 14:00:00,2024-05-10,4,Friday,5,May,-0.6674
575e4b32b6c90a70d7cda91d7f1643dc600c39d31f2322ff3ea8b3db28e0f082,1715353,0,67.0175,65139.9779,2024-05-10 15:00:00,2024-05-10,4,Friday,5,May,-0.6674
575e4b32b6c90a70d7cda91d7f1643dc600c39d31f2322ff3ea8b3db28e0f082,1715356,0,66.3501,65146.2707,2024-05-10 16:00:00,2024-05-10,4,Friday,5,May,-0.6674
575e4b32b6c90a70d7cda91d7f1643dc600c39d31f2322ff3ea8b3db28e0f082,1715360,0,65.6827,65152.5634,2024-05-10 17:00:00,2024-05-10,4,Friday,5,May,-0.6674
575e4b32b6c90a70d7cda91d7f1643dc600c39d31f2322ff3ea8b3db28e0f082,1715364,0,65.0153,65158.8562,2024-05-10 18:00:00,2024-05-10,4,Friday,5,May,-0.6674
575e4b32b6c90a70d7cda91d7f1643dc600c39d31f2322ff3ea8b3db28e0f082,1715367,0,64.3478,65165.1489,2024-05-10 19:00:00,2024-05-10,4,Friday,5,May,-0.6675
575e4b32b6c90a70d7cda91d7f1643dc600c39d31f2322ff3ea8b3db28e0f082,1715371,0,63.6804,65171.4417,2024-05-10 20:00:00,2024-05-10,4,Friday,5,May,-0.6674
575e4b32b6c90a70d7cda91d7f1643dc600c39d31f2322ff3ea8b3db28e0f082,1715374,0,63.013,65177.7345,2024-05-10 21:00:00,2024-05-10,4,Friday,5,May,-0.6674
575e4b32b6c90a70d7cda91d7f1643dc600c39d31f2322ff3ea8b3db28e0f082,1715378,0,62.3456,65184.0272,2024-05-10 22:00:00,2024-05-10,4,Friday,5,May,-0.6674
575e4b32b6c90a70d7cda91d7f1643dc600c39d31f2322ff3ea8b3db28e0f082,1715382,0,61.6782,65190.32,2024-05-10 23:00:00,2024-05-10,4,Friday,5,May,-0.6674
575e4b32b6c90a70d7cda91d7f1643dc600c39d31f2322ff3ea8b3db28e0f082,1715385,0,61.0108,65196.6128,2024-05-11 00:00:00,2024-05-11,5,Saturday,5,May,-0.6674
575e4b32b6c90a70d7cda91d7f1643dc600c39d31f2322ff3ea8b3db28e0f082,1715389,0,60.3434,65202.9055,2024-05-11 01:00:00,2024-05-11,5,Saturday,5,May,-0.6674
575e4b32b6c90a70d7cda91d7f1643dc600c39d31f2322ff3ea8b3db28e0f082,1715392,0,59.6759,65209.1983,2024-05-11 02:00:00,2024-05-11,5,Saturday,5,May,-0.6675
575e4b32b6c90a70d7cda91d7f1643dc600c39d31f2322ff3ea8b3db28e0f082,1715396,0,59.0085,65215.491,2024-05-11 03:00:00,2024-05-11,5,Saturday,5,May,-0.6674
575e4b32b6c90a70d7cda91d7f1643dc600c39d31f2322ff3ea8b3db28e0f082,1715400,0,58.3411,65221.7838,2024-05-11 04:00:00,2024-05-11,5,Saturday,5,May,-0.6674
575e4b32b6c90a70d7cda91d7f1643dc600c39d31f2322ff3ea8b3db28e0f082,1715403,1,89.4658,65225.0,2024-05-11 05:00:00,2024-05-11,5,Saturday,5,May,31.1247
575e4b32b6c90a70d7cda91d7f1643dc600c39d31f2322ff3ea8b3db28e0f082,1715407,1,100.0,65225.0,2024-05-11 06:00:00,2024-05-11,5,Saturday,5,May,10.5342
575e4b32b6c90a70d7cda91d7f1643dc600c39d31f2322ff3ea8b3db28e0f082,1715410,0,100.0,65225.0,2024-05-11 07:00:00,2024-05-11,5,Saturday,5,May,0.0
575e4b32b6c90a70d7cda91d7f1643dc600c39d31f2322ff3ea8b3db28e0f082,1715414,0,100.0,65225.0,2024-05-11 08:00:00,2024-05-11,5,Saturday,5,May,0.0
575e4b32b6c90a70d7cda91d7f1643dc600c39d31f2322ff3ea8b3db28e0f082,1715418,0,100.0,65225.0,2024-05-11 09:00:00,2024-05-11,5,Saturday,5,May,0.0
575e4b32b6c90a70d7cda91d7f1643dc600c39d31f2322ff3ea8b3db28e0f082,1715421,0,100.0,65225.0,2024-05-11 10:00:00,2024-05-11,5,Saturday,5,May,0.0
575e4b32b6c90a70d7cda91d7f1643dc600c39d31f2322ff3ea8b3db28e0f082,1715425,0,97.2707,65234.0976,2024-05-11 11:00:00,2024-05-11,5,Saturday,5,May,-2.7293
575e4b32b6c90a70d7cda91d7f1643dc600c39d31f2322ff3ea8b3db28e0f082,1715428,0,88.0065,65241.645,2024-05-11 12:00:00,2024-05-11,5,Saturday,5,May,-9.2642
575e4b32b6c90a70d7cda91d7f1643dc600c39d31f2322ff3ea8b3db28e0f082,1715432,0,82.4723,65245.0,2024-05-11 13:00:00,2024-05-11,5,Saturday,5,May,-5.5342
575e4b32b6c90a70d7cda91d7f1643dc600c39d31f2322ff3ea8b3db28e0f082,1715436,0,74.5354,65255.0,2024-05-11 14:00:00,2024-05-11,5,Saturday,5,May,-7.9369
575e4b32b6c90a70d7cda91d7f1643dc600c39d31f2322ff3ea8b3db28e0f082,1715439,0,60.5369,65266.5438,2024-05-11 15:00:00,2024-05-11,5,Saturday,5,May,-13.9985
575e4b32b6c90a70d7cda91d7f1643dc600c39d31f2322ff3ea8b3db28e0f082,1715443,0,49.7011,65276.4945,2024-05-11 16:00:00,2024-05-11,5,Saturday,5,May,-10.8358
575e4b32b6c90a70d7cda91d7f1643dc600c39d31f2322ff3ea8b3db28e0f082,1715446,0,40.5603,65286.4656,2024-05-11 17:00:00,2024-05-11,5,Saturday,5,May,-9.1408
575e4b32b6c90a70d7cda91d7f1643dc600c39d31f2322ff3ea8b3db28e0f082,1715450,0,25.6048,65305.0,2024-05-11 18:00:00,2024-05-11,5,Saturday,5,May,-14.9555
575e4b32b6c90a70d7cda91d7f1643dc600c39d31f2322ff3ea8b3db28e0f082,1715454,1,60.4442,65305.0,2024-05-11 19:00:00,2024-05-11,5,Saturday,5,May,34.8394
575e4b32b6c90a70d7cda91d7f1643dc600c39d31f2322ff3ea8b3db28e0f082,1715457,1,76.7384,65315.0,2024-05-11 20:00:00,2024-05-11,5,Saturday,5,May,16.2942
575e4b32b6c90a70d7cda91d7f1643dc600c39d31f2322ff3ea8b3db28e0f082,1715461,0,63.4788,65326.303,2024-05-11 21:00:00,2024-05-11,5,Saturday,5,May,-13.2596
575e4b32b6c90a70d7cda91d7f1643dc600c39d31f2322ff3ea8b3db28e0f082,1715464,0,52.923,65335.0,2024-05-11 22:00:00,2024-05-11,5,Saturday,5,May,-10.5558
575e4b32b6c90a70d7cda91d7f1643dc600c39d31f2322ff3ea8b3db28e0f082,1715468,0,41.1946,65345.0,2024-05-11 23:00:00,2024-05-11,5,Saturday,5,May,-11.7284
575e4b32b6c90a70d7cda91d7f1643dc600c39d31f2322ff3ea8b3db28e0f082,1715472,0,27.4892,65365.0,2024-05-12 00:00:00,2024-05-12,6,Sunday,5,May,-13.7054
575e4b32b6c90a70d7cda91d7f1643dc600c39d31f2322ff3ea8b3db28e0f082,1715475,0,25.5278,65375.0,2024-05-12 01:00:00,2024-05-12,6,Sunday,5,May,-1.9614
575e4b32b6c90a70d7cda91d7f1643dc600c39d31f2322ff3ea8b3db28e0f082,1715479,1,89.0342,65375.0,2024-05-12 02:00:00,2024-05-12,6,Sunday,5,May,63.5064
575e4b32b6c90a70d7cda91d7f1643dc600c39d31f2322ff3ea8b3db28e0f082,1715482,1,100.0,65375.0,2024-05-12 03:00:00,2024-05-12,6,Sunday,5,May,10.9658
575e4b32b6c90a70d7cda91d7f1643dc600c39d31f2322ff3ea8b3db28e0f082,1715486,0,100.0,65375.0,2024-05-12 04:00:00,2024-05-12,6,Sunday,5,May,0.0
575e4b32b6c90a70d7cda91d7f1643dc600c39d31f2322ff3ea8b3db28e0f082,1715490,0,100.0,65375.0,2024-05-12 05:00:00,2024-05-12,6,Sunday,5,May,0.0
575e4b32b6c90a70d7cda91d7f1643dc600c39d31f2322ff3ea8b3db28e0f082,1715493,0,100.0,65375.0,2024-05-12 06:00:00,2024-05-12,6,Sunday,5,May,0.0
575e4b32b6c90a70d7cda91d7f1643dc600c39d31f2322ff3ea8b3db28e0f082,1715497,0,100.0,65375.0,2024-05-12 07:00:00,2024-05-12,6,Sunday,5,May,0.0
575e4b32b6c90a70d7cda91d7f1643dc600c39d31f2322ff3ea8b3db28e0f082,1715500,0,100.0,65375.0,2024-05-12 08:00:00,2024-05-12,6,Sunday,5,May,0.0
575e4b32b6c90a70d7cda91d7f1643dc600c39d31f2322ff3ea8b3db28e0f082,1715504,0,100.0,65375.0,2024-05-12 09:00:00,2024-05-12,6,Sunday,5,May,0.0
575e4b32b6c90a70d7cda91d7f1643dc600c39d31f2322ff3ea8b3db28e0f082,1715508,0,97.961,65375.0,2024-05-12 10:00:00,2024-05-12,6,Sunday,5,May,-2.039
575e4b32b6c90a70d7cda91d7f1643dc600c39d31f2322ff3ea8b3db28e0f082,1715511,0,93.1546,65375.0,2024-05-12 11:00:00,2024-05-12,6,Sunday,5,May,-4.8064
575e4b32b6c90a70d7cda91d7f1643dc600c39d31f2322ff3ea8b3db28e0f082,1715515,0,81.259,65393.7052,2024-05-12 12:00:00,2024-05-12,6,Sunday,5,May,-11.8956
575e4b32b6c90a70d7cda91d7f1643dc600c39d31f2322ff3ea8b3db28e0f082,1715518,0,74.2674,65399.3314,2024-05-12 13:00:00,2024-05-12,6,Sunday,5,May,-6.9916
575e4b32b6c90a70d7cda91d7f1643dc600c39d31f2322ff3ea8b3db28e0f082,1715522,0,65.4406,65405.0,2024-05-12 14:00:00,2024-05-12,6,Sunday,5,May,-8.8268
575e4b32b6c90a70d7cda91d7f1643dc600c39d31f2322ff3ea8b3db28e0f082,1715526,0,53.6557,65416.1476,2024-05-12 15:00:00,2024-05-12,6,Sunday,5,May,-11.7849
575e4b32b6c90a70d7cda91d7f1643dc600c39d31f2322ff3ea8b3db28e0f082,1715529,0,48.0089,65425.0,2024-05-12 16:00:00,2024-05-12,6,Sunday,5,May,-5.6468
575e4b32b6c90a70d7cda91d7f1643dc600c39d31f2322ff3ea8b3db28e0f082,1715533,0,44.4643,65425.0,2024-05-12 17:00:00,2024-05-12,6,Sunday,5,May,-3.5446
575e4b32b6c90a70d7cda91d7f1643dc600c39d31f2322ff3ea8b3db28e0f082,1715536,0,31.9639,65445.0,2024-05-12 18:00:00,2024-05-12,6,Sunday,5,May,-12.5004
575e4b32b6c90a70d7cda91d7f1643dc600c39d31f2322ff3ea8b3db28e0f082,1715540,0,25.7502,65445.0,2024-05-12 19:00:00,2024-05-12,6,Sunday,5,May,-6.2137
575e4b32b6c90a70d7cda91d7f1643dc600c39d31f2322ff3ea8b3db28e0f082,1715544,0,24.0186,65445.0,2024-05-12 20:00:00,2024-05-12,6,Sunday,5,May,-1.7316
575e4b32b6c90a70d7cda91d7f1643dc600c39d31f2322ff3ea8b3db28e0f082,1715547,0,17.8408,65455.0,2024-05-12 21:00:00,2024-05-12,6,Sunday,5,May,-6.1778
575e4b32b6c90a70d7cda91d7f1643dc600c39d31f2322ff3ea8b3db28e0f082,1715551,1,81.0059,65455.0,2024-05-12 22:00:00,2024-05-12,6,Sunday,5,May,63.1651
575e4b32b6c90a70d7cda91d7f1643dc600c39d31f2322ff3ea8b3db28e0f082,1715554,1,96.3302,65462.3396,2024-05-12 23:00:00,2024-05-12,6,Sunday,5,May,15.3243
575e4b32b6c90a70d7cda91d7f1643dc600c39d31f2322ff3ea8b3db28e0f082,1715558,0,84.7985,65475.0,2024-05-13 00:00:00,2024-05-13,0,Monday,5,May,-11.5317
575e4b32b6c90a70d7cda91d7f1643dc600c39d31f2322ff3ea8b3db28e0f082,1715562,0,74.4001,65485.0,2024-05-13 01:00:00,2024-05-13,0,Monday,5,May,-10.3984
575e4b32b6c90a70d7cda91d7f1643dc600c39d31f2322ff3ea8b3db28e0f082,1715565,0,70.8219,65487.3562,2024-05-13 02:00:00,2024-05-13,0,Monday,5,May,-3.5782
575e4b32b6c90a70d7cda91d7f1643dc600c39d31f2322ff3ea8b3db28e0f082,1715569,0,69.1388,65490.7224,2024-05-13 03:00:00,2024-05-13,0,Monday,5,May,-1.6831
575e4b32b6c90a70d7cda91d7f1643dc600c39d31f2322ff3ea8b3db28e0f082,1715572,0,67.4556,65494.0887,2024-05-13 04:00:00,2024-05-13,0,Monday,5,May,-1.6832
575e4b32b6c90a70d7cda91d7f1643dc600c39d31f2322ff3ea8b3db28e0f082,1715576,0,66.1809,65495.0,2024-05-13 05:00:00,2024-05-13,0,Monday,5,May,-1.2747
575e4b32b6c90a70d7cda91d7f1643dc600c39d31f2322ff3ea8b3db28e0f082,1715580,0,65.0576,65495.0,2024-05-13 06:00:00,2024-05-13,0,Monday,5,May,-1.1233
575e4b32b6c90a70d7cda91d7f1643dc600c39d31f2322ff3ea8b3db28e0f082,1715583,0,63.9344,65495.0,2024-05-13 07:00:00,2024-05-13,0,Monday,5,May,-1.1232
575e4b32b6c90a70d7cda91d7f1643dc600c39d31f2322ff3ea8b3db28e0f082,1715587,0,62.8112,65495.0,2024-05-13 08:00:00,2024-05-13,0,Monday,5,May,-1.1232
575e4b32b6c90a70d7cda91d7f1643dc600c39d31f2322ff3ea8b3db28e0f082,1715590,0,61.688,65495.0,2024-05-13 09:00:00,2024-05-13,0,Monday,5,May,-1.1232
575e4b32b6c90a70d7cda91d7f1643dc600c39d31f2322ff3ea8b3db28e0f082,1715594,0,59.7252,65499.2493,2024-05-13 10:00:00,2024-05-13,0,Monday,5,May,-1.9628
575e4b32b6c90a70d7cda91d7f1643dc600c39d31f2322ff3ea8b3db28e0f082,1715598,0,56.0236,65505.0,2024-05-13 11:00:00,2024-05-13,0,Monday,5,May,-3.7016
575e4b32b6c90a70d7cda91d7f1643dc600c39d31f2322ff3ea8b3db28e0f082,1715601,0,50.0831,65505.0,2024-05-13 12:00:00,2024-05-13,0,Monday,5,May,-5.9405
575e4b32b6c90a70d7cda91d7f1643dc600c39d31f2322ff3ea8b3db28e0f082,1715605,0,41.0326,65515.0,2024-05-13 13:00:00,2024-05-13,0,Monday,5,May,-9.0505
575e4b32b6c90a70d7cda91d7f1643dc600c39d31f2322ff3ea8b3db28e0f082,1715608,0,34.0355,65525.0,2024-05-13 14:00:00,2024-05-13,0,Monday,5,May,-6.9971
575e4b32b6c90a70d7cda91d7f1643dc600c39d31f2322ff3ea8b3db28e0f082,1715612,1,60.9731,65525.0,2024-05-13 15:00:00,2024-05-13,0,Monday,5,May,26.9376
575e4b32b6c90a70d7cda91d7f1643dc600c39d31f2322ff3ea8b3db28e0f082,1715616,1,100.0,65525.0,2024-05-13 16:00:00,2024-05-13,0,Monday,5,May,39.0269
575e4b32b6c90a70d7cda91d7f1643dc600c39d31f2322ff3ea8b3db28e0f082,1715619,0,96.2744,65534.314,2024-05-13 17:00:00,2024-05-13,0,Monday,5,May,-3.7256
575e4b32b6c90a70d7cda91d7f1643dc600c39d31f2322ff3ea8b3db28e0f082,1715623,0,88.7397,65536.3015,2024-05-13 18:00:00,2024-05-13,0,Monday,5,May,-7.5347
575e4b32b6c90a70d7cda91d7f1643dc600c39d31f2322ff3ea8b3db28e0f082,1715626,0,83.9246,65545.0,2024-05-13 19:00:00,2024-05-13,0,Monday,5,May,-4.8151
575e4b32b6c90a70d7cda91d7f1643dc600c39d31f2322ff3ea8b3db28e0f082,1715630,0,78.2791,65552.209,2024-05-13 20:00:00,2024-05-13,0,Monday,5,May,-5.6455
575e4b32b6c90a70d7cda91d7f1643dc600c39d31f2322ff3ea8b3db28e0f082,1715634,0,70.0443,65558.9114,2024-05-13 21:00:00,2024-05-13,0,Monday,5,May,-8.2348
575e4b32b6c90a70d7cda91d7f1643dc600c39d31f2322ff3ea8b3db28e0f082,1715637,0,58.0989,65574.7527,2024-05-13 22:00:00,2024-05-13,0,Monday,5,May,-11.9454
575e4b32b6c90a70d7cda91d7f1643dc600c39d31f2322ff3ea8b3db28e0f082,1715641,0,44.0503,65585.0,2024-05-13 23:00:00,2024-05-13,0,Monday,5,May,-14.0486
575e4b32b6c90a70d7cda91d7f1643dc600c39d31f2322ff3ea8b3db28e0f082,1715644,0,32.5167,65595.0,2024-05-14 00:00:00,2024-05-14,1,Tuesday,5,May,-11.5336
575e4b32b6c90a70d7cda91d7f1643dc600c39d31f2322ff3ea8b3db28e0f082,1715648,0,29.009,65601.6365,2024-05-14 01:00:00,2024-05-14,1,Tuesday,5,May,-3.5077
575e4b32b6c90a70d7cda91d7f1643dc600c39d31f2322ff3ea8b3db28e0f082,1715652,1,48.6608,65605.0,2024-05-14 02:00:00,2024-05-14,1,Tuesday,5,May,19.6518
575e4b32b6c90a70d7cda91d7f1643dc600c39d31f2322ff3ea8b3db28e0f082,1715655,1,100.0,65605.0,2024-05-14 03:00:00,2024-05-14,1,Tuesday,5,May,51.3392
575e4b32b6c90a70d7cda91d7f1643dc600c39d31f2322ff3ea8b3db28e0f082,1715659,0,100.0,65605.0,2024-05-14 04:00:00,2024-05-14,1,Tuesday,5,May,0.0
575e4b32b6c90a70d7cda91d7f1643dc600c39d31f2322ff3ea8b3db28e0f082,1715662,0,100.0,65605.0,2024-05-14 05:00:00,2024-05-14,1,Tuesday,5,May,0.0
575e4b32b6c90a70d7cda91d7f1643dc600c39d31f2322ff3ea8b3db28e0f082,1715666,0,100.0,65605.0,2024-05-14 06:00:00,2024-05-14,1,Tuesday,5,May,0.0
575e4b32b6c90a70d7cda91d7f1643dc600c39d31f2322ff3ea8b3db28e0f082,1715670,0,100.0,65605.0,2024-05-14 07:00:00,2024-05-14,1,Tuesday,5,May,0.0
575e4b32b6c90a70d7cda91d7f1643dc600c39d31f2322ff3ea8b3db28e0f082,1715673,0,100.0,65605.0,2024-05-14 08:00:00,2024-05-14,1,Tuesday,5,May,0.0
575e4b32b6c90a70d7cda91d7f1643dc600c39d31f2322ff3ea8b3db28e0f082,1715677,0,100.0,65605.0,2024-05-14 09:00:00,2024-05-14,1,Tuesday,5,May,0.0
575e4b32b6c90a70d7cda91d7f1643dc600c39d31f2322ff3ea8b3db28e0f082,1715680,0,92.9384,65611.8719,2024-05-14 10:00:00,2024-05-14,1,Tuesday,5,May,-7.0616
575e4b32b6c90a70d7cda91d7f1643dc600c39d31f2322ff3ea8b3db28e0f082,1715684,0,84.3693,65619.0767,2024-05-14 11:00:00,2024-05-14,1,Tuesday,5,May,-8.5691
575e4b32b6c90a70d7cda91d7f1643dc600c39d31f2322ff3ea8b3db28e0f082,1715688,0,69.0222,65635.0,2024-05-14 12:00:00,2024-05-14,1,Tuesday,5,May,-15.3471
575e4b32b6c90a70d7cda91d7f1643dc600c39d31f2322ff3ea8b3db28e0f082,1715691,0,59.3706,65645.0,2024-05-14 13:00:00,2024-05-14,1,Tuesday,5,May,-9.6516
575e4b32b6c90a70d7cda91d7f1643dc600c39d31f2322ff3ea8b3db28e0f082,1715695,0,50.1859,65655.0,2024-05-14 14:00:00,2024-05-14,1,Tuesday,5,May,-9.1847
575e4b32b6c90a70d7cda91d7f1643dc600c39d31f2322ff3ea8b3db28e0f082,1715698,0,36.0341,65665.0,2024-05-14 15:00:00,2024-05-14,1,Tuesday,5,May,-14.1518
575e4b32b6c90a70d7cda91d7f1643dc600c39d31f2322ff3ea8b3db28e0f082,1715702,0,33.4399,65685.0,2024-05-14 16:00:00,2024-05-14,1,Tuesday,5,May,-2.5942
575e4b32b6c90a70d7cda91d7f1643dc600c39d31f2322ff3ea8b3db28e0f082,1715706,1,95.5989,65685.0,2024-05-14 17:00:00,2024-05-14,1,Tuesday,5,May,62.159
575e4b32b6c90a70d7cda91d7f1643dc600c39d31f2322ff3ea8b3db28e0f082,1715709,0,92.979,65685.0524,2024-05-14 18:00:00,2024-05-14,1,Tuesday,5,May,-2.6199
575e4b32b6c90a70d7cda91d7f1643dc600c39d31f2322ff3ea8b3db28e0f082,1715713,0,81.9246,65702.6886,2024-05-14 19:00:00,2024-05-14,1,Tuesday,5,May,-11.0544
575e4b32b6c90a70d7cda91d7f1643dc600c39d31f2322ff3ea8b3db28e0f082,1715716,0,74.5505,65705.0,2024-05-14 20:00:00,2024-05-14,1,Tuesday,5,May,-7.3741
575e4b32b6c90a70d7cda91d7f1643dc600c39d31f2322ff3ea8b3db28e0f082,1715720,0,68.2487,65715.0,2024-05-14 21:00:00,2024-05-14,1,Tuesday,5,May,-6.3018
575e4b32b6c90a70d7cda91d7f1643dc600c39d31f2322ff3ea8b3db28e0f082,1715724,0,50.802,65733.3961,2024-05-14 22:00:00,2024-05-14,1,Tuesday,5,May,-17.4467
575e4b32b6c90a70d7cda91d7f1643dc600c39d31f2322ff3ea8b3db28e0f082,1715727,0,44.5167,65735.0,2024-05-14 23:00:00,2024-05-14,1,Tuesday,5,May,-6.2853
575e4b32b6c90a70d7cda91d7f1643dc600c39d31f2322ff3ea8b3db28e0f082,1715731,0,32.2489,65745.0,2024-05-15 00:00:00,2024-05-15,2,Wednesday,5,May,-12.2678
575e4b32b6c90a70d7cda91d7f1643dc600c39d31f2322ff3ea8b3db28e0f082,1715734,1,49.273,65755.0,2024-05-15 01:00:00,2024-05-15,2,Wednesday,5,May,17.0241
575e4b32b6c90a70d7cda91d7f1643dc600c39d31f2322ff3ea8b3db28e0f082,1715738,1,100.0,65755.0,2024-05-15 02:00:00,2024-05-15,2,Wednesday,5,May,50.727
575e4b32b6c90a70d7cda91d7f1643dc600c39d31f2322ff3ea8b3db28e0f082,1715742,0,100.0,65755.0,2024-05-15 03:00:00,2024-05-15,2,Wednesday,5,May,0.0
575e4b32b6c90a70d7cda91d7f1643dc600c39d31f2322ff3ea8b3db28e0f082,1715745,0,100.0,65755.0,2024-05-15 04:00:00,2024-05-15,2,Wednesday,5,May,0.0
575e4b32b6c90a70d7cda91d7f1643dc600c39d31f2322ff3ea8b3db28e0f082,1715749,0,100.0,65755.0,2024-05-15 05:00:00,2024-05-15,2,Wednesday,5,May,0.0
575e4b32b6c90a70d7cda91d7f1643dc600c39d31f2322ff3ea8b3db28e0f082,1715752,0,100.0,65755.0,2024-05-15 06:00:00,2024-05-15,2,Wednesday,5,May,0.0
575e4b32b6c90a70d7cda91d7f1643dc600c39d31f2322ff3ea8b3db28e0f082,1715756,0,100.0,65755.0,2024-05-15 07:00:00,2024-05-15,2,Wednesday,5,May,0.0
575e4b32b6c90a70d7cda91d7f1643dc600c39d31f2322ff3ea8b3db28e0f082,1715760,0,100.0,65755.0,2024-05-15 08:00:00,2024-05-15,2,Wednesday,5,May,0.0
575e4b32b6c90a70d7cda91d7f1643dc600c39d31f2322ff3ea8b3db28e0f082,1715763,0,98.4284,65755.0,2024-05-15 09:00:00,2024-05-15,2,Wednesday,5,May,-1.5716
575e4b32b6c90a70d7cda91d7f1643dc600c39d31f2322ff3ea8b3db28e0f082,1715767,0,87.9631,65765.0,2024-05-15 10:00:00,2024-05-15,2,Wednesday,5,May,-10.4653
575e4b32b6c90a70d7cda91d7f1643dc600c39d31f2322ff3ea8b3db28e0f082,1715770,0,76.5766,65775.0,2024-05-15 11:00:00,2024-05-15,2,Wednesday,5,May,-11.3865
575e4b32b6c90a70d7cda91d7f1643dc600c39d31f2322ff3ea8b3db28e0f082,1715774,0,68.4259,65785.0,2024-05-15 12:00:00,2024-05-15,2,Wednesday,5,May,-8.1507
575e4b32b6c90a70d7cda91d7f1643dc600c39d31f2322ff3ea8b3db28e0f082,1715778,0,57.903,65795.0,2024-05-15 13:00:00,2024-05-15,2,Wednesday,5,May,-10.5229
575e4b32b6c90a70d7cda91d7f1643dc600c39d31f2322ff3ea8b3db28e0f082,1715781,0,45.7166,65805.0,2024-05-15 14:00:00,2024-05-15,2,Wednesday,5,May,-12.1864
575e4b32b6c90a70d7cda91d7f1643dc600c39d31f2322ff3ea8b3db28e0f082,1715785,0,34.4351,65821.4123,2024-05-15 15:00:00,2024-05-15,2,Wednesday,5,May,-11.2815
575e4b32b6c90a70d7cda91d7f1643dc600c39d31f2322ff3ea8b3db28e0f082,1715788,0,20.0776,65835.0,2024-05-15 16:00:00,2024-05-15,2,Wednesday,5,May,-14.3575
575e4b32b6c90a70d7cda91d7f1643dc600c39d31f2322ff3ea8b3db28e0f082,1715792,1,64.3877,65835.0,2024-05-15 17:00:00,2024-05-15,2,Wednesday,5,May,44.3101
575e4b32b6c90a70d7cda91d7f1643dc600c39d31f2322ff3ea8b3db28e0f082,1715796,1,99.5171,65835.0,2024-05-15 18:00:00,2024-05-15,2,Wednesday,5,May,35.1294
575e4b32b6c90a70d7cda91d7f1643dc600c39d31f2322ff3ea8b3db28e0f082,1715799,0,96.5344,65843.664,2024-05-15 19:00:00,2024-05-15,2,Wednesday,5,May,-2.9827
575e4b32b6c90a70d7cda91d7f1643dc600c39d31f2322ff3ea8b3db28e0f082,1715803,0,89.1357,65845.0,2024-05-15 20:00:00,2024-05-15,2,Wednesday,5,May,-7.3987
575e4b32b6c90a70d7cda91d7f1643dc600c39d31f2322ff3ea8b3db28e0f082,1715806,0,72.4644,65865.0,2024-05-15 21:00:00,2024-05-15,2,Wednesday,5,May,-16.6713
575e4b32b6c90a70d7cda91d7f1643dc600c39d31f2322ff3ea8b3db28e0f082,1715810,0,57.37,65883.7666,2024-05-15 22:00:00,2024-05-15,2,Wednesday,5,May,-15.0944
575e4b32b6c90a70d7cda91d7f1643dc600c39d31f2322ff3ea8b3db28e0f082,1715814,0,47.6503,65893.3743,2024-05-15 23:00:00,2024-05-15,2,Wednesday,5,May,-9.7197
575e4b32b6c90a70d7cda91d7f1643dc600c39d31f2322ff3ea8b3db28e0f082,1715817,0,35.8065,65905.0,2024-05-16 00:00:00,2024-05-16,3,Thursday,5,May,-11.8438
575e4b32b6c90a70d7cda91d7f1643dc600c39d31f2322ff3ea8b3db28e0f082,1715821,0,33.3886,65909.6336,2024-05-16 01:00:00,2024-05-16,3,Thursday,5,May,-2.4179
575e4b32b6c90a70d7cda91d7f1643dc600c39d31f2322ff3ea8b3db28e0f082,1715824,1,33.8959,65915.682,2024-05-16 02:00:00,2024-05-16,3,Thursday,5,May,0.5073
575e4b32b6c90a70d7cda91d7f1643dc600c39d31f2322ff3ea8b3db28e0f082,1715828,1,34.4032,65921.7303,2024-05-16 03:00:00,2024-05-16,3,Thursday,5,May,0.5073
575e4b32b6c90a70d7cda91d7f1643dc600c39d31f2322ff3ea8b3db28e0f082,1715832,1,34.9105,65927.7787,2024-05-16 04:00:00,2024-05-16,3,Thursday,5,May,0.5073
575e4b32b6c90a70d7cda91d7f1643dc600c39d31f2322ff3ea8b3db28e0f082,1715835,1,35.4178,65933.8271,2024-05-16 05:00:00,2024-05-16,3,Thursday,5,May,0.5073
575e4b32b6c90a70d7cda91d7f1643dc600c39d31f2322ff3ea8b3db28e0f082,1715839,1,35.925,65939.8754,2024-05-16 06:00:00,2024-05-16,3,Thursday,5,May,0.5072
575e4b32b6c90a70d7cda91d7f1643dc600c39d31f2322ff3ea8b3db28e0f082,1715842,1,36.4323,65945.9238,2024-05-16 07:00:00,2024-05-16,3,Thursday,5,May,0.5073
575e4b32b6c90a70d7cda91d7f1643dc600c39d31f2322ff3ea8b3db28e0f082,1715846,1,36.9396,65951.9721,2024-05-16 08:00:00,2024-05-16,3,Thursday,5,May,0.5073
575e4b32b6c90a70d7cda91d7f1643dc600c39d31f2322ff3ea8b3db28e0f082,1715850,1,37.4469,65958.0205,2024-05-16 09:00:00,2024-05-16,3,Thursday,5,May,0.5073
575e4b32b6c90a70d7cda91d7f1643dc600c39d31f2322ff3ea8b3db28e0f082,1715853,1,37.9542,65964.0689,2024-05-16 10:00:00,2024-05-16,3,Thursday,5,May,0.5073
575e4b32b6c90a70d7cda91d7f1643dc600c39d31f2322ff3ea8b3db28e0f082,1715857,1,38.4614,65970.1172,2024-05-16 11:00:00,2024-05-16,3,Thursday,5,May,0.5072
575e4b32b6c90a70d7cda91d7f1643dc600c39d31f2322ff3ea8b3db28e0f082,1715860,1,38.9687,65976.1656,2024-05-16 12:00:00,2024-05-16,3,Thursday,5,May,0.5073
575e4b32b6c90a70d7cda91d7f1643dc600c39d31f2322ff3ea8b3db28e0f082,1715864,1,39.476,65982.2139,2024-05-16 13:00:00,2024-05-16,3,Thursday,5,May,0.5073
575e4b32b6c90a70d7cda91d7f1643dc600c39d31f2322ff3ea8b3db28e0f082,1715868,1,39.9833,65988.2623,2024-05-16 14:00:00,2024-05-16,3,Thursday,5,May,0.5073
575e4b32b6c90a70d7cda91d7f1643dc600c39d31f2322ff3ea8b3db28e0f082,1715871,1,40.4906,65994.3107,2024-05-16 15:00:00,2024-05-16,3,Thursday,5,May,0.5073
575e4b32b6c90a70d7cda91d7f1643dc600c39d31f2322ff3ea8b3db28e0f082,1715875,1,40.9979,66000.359,2024-05-16 16:00:00,2024-05-16,3,Thursday,5,May,0.5073
575e4b32b6c90a70d7cda91d7f1643dc600c39d31f2322ff3ea8b3db28e0f082,1715878,1,41.5051,66006.4074,2024-05-16 17:00:00,2024-05-16,3,Thursday,5,May,0.5072
575e4b32b6c90a70d7cda91d7f1643dc600c39d31f2322ff3ea8b3db28e0f082,1715882,1,42.0124,66012.4557,2024-05-16 18:00:00,2024-05-16,3,Thursday,5,May,0.5073
575e4b32b6c90a70d7cda91d7f1643dc600c39d31f2322ff3ea8b3db28e0f082,1715886,1,42.5197,66018.5041,2024-05-16 19:00:00,2024-05-16,3,Thursday,5,May,0.5073
575e4b32b6c90a70d7cda91d7f1643dc600c39d31f2322ff3ea8b3db28e0f082,1715889,1,43.027,66024.5525,2024-05-16 20:00:00,2024-05-16,3,Thursday,5,May,0.5073
575e4b32b6c90a70d7cda91d7f1643dc600c39d31f2322ff3ea8b3db28e0f082,1715893,1,43.5343,66030.6008,2024-05-16 21:00:00,2024-05-16,3,Thursday,5,May,0.5073
575e4b32b6c90a70d7cda91d7f1643dc600c39d31f2322ff3ea8b3db28e0f082,1715896,1,44.0415,66036.6492,2024-05-16 22:00:00,2024-05-16,3,Thursday,5,May,0.5072
575e4b32b6c90a70d7cda91d7f1643dc600c39d31f2322ff3ea8b3db28e0f082,1715900,1,44.5488,66042.6975,2024-05-16 23:00:00,2024-05-16,3,Thursday,5,May,0.5073
575e4b32b6c90a70d7cda91d7f1643dc600c39d31f2322ff3ea8b3db28e0f082,1715904,1,45.0561,66048.7459,2024-05-17 00:00:00,2024-05-17,4,Friday,5,May,0.5073
575e4b32b6c90a70d7cda91d7f1643dc600c39d31f2322ff3ea8b3db28e0f082,1715907,1,45.5634,66054.7943,2024-05-17 01:00:00,2024-05-17,4,Friday,5,May,0.5073
575e4b32b6c90a70d7cda91d7f1643dc600c39d31f2322ff3ea8b3db28e0f082,1715911,1,58.2582,66060.0,2024-05-17 02:00:00,2024-05-17,4,Friday,5,May,12.6948
575e4b32b6c90a70d7cda91d7f1643dc600c39d31f2322ff3ea8b3db28e0f082,1715914,1,100.0,66060.0,2024-05-17 03:00:00,2024-05-17,4,Friday,5,May,41.7418
575e4b32b6c90a70d7cda91d7f1643dc600c39d31f2322ff3ea8b3db28e0f082,1715918,0,100.0,66060.0,2024-05-17 04:00:00,2024-05-17,4,Friday,5,May,0.0
575e4b32b6c90a70d7cda91d7f1643dc600c39d31f2322ff3ea8b3db28e0f082,1715922,0,100.0,66060.0,2024-05-17 05:00:00,2024-05-17,4,Friday,5,May,0.0
575e4b32b6c90a70d7cda91d7f1643dc600c39d31f2322ff3ea8b3db28e0f082,1715925,0,100.0,66060.0,2024-05-17 06:00:00,2024-05-17,4,Friday,5,May,0.0
575e4b32b6c90a70d7cda91d7f1643dc600c39d31f2322ff3ea8b3db28e0f082,1715929,0,100.0,66060.0,2024-05-17 07:00:00,2024-05-17,4,Friday,5,May,0.0
575e4b32b6c90a70d7cda91d7f1643dc600c39d31f2322ff3ea8b3db28e0f082,1715932,0,100.0,66060.0,2024-05-17 08:00:00,2024-05-17,4,Friday,5,May,0.0
575e4b32b6c90a70d7cda91d7f1643dc600c39d31f2322ff3ea8b3db28e0f082,1715936,0,96.036,66067.928,2024-05-17 09:00:00,2024-05-17,4,Friday,5,May,-3.964
575e4b32b6c90a70d7cda91d7f1643dc600c39d31f2322ff3ea8b3db28e0f082,1715940,0,87.7849,66070.5377,2024-05-17 10:00:00,2024-05-17,4,Friday,5,May,-8.2511
575e4b32b6c90a70d7cda91d7f1643dc600c39d31f2322ff3ea8b3db28e0f082,1715943,0,80.275,66080.0,2024-05-17 11:00:00,2024-05-17,4,Friday,5,May,-7.5099
575e4b32b6c90a70d7cda91d7f1643dc600c39d31f2322ff3ea8b3db28e0f082,1715947,0,72.6956,66090.0,2024-05-17 12:00:00,2024-05-17,4,Friday,5,May,-7.5794
575e4b32b6c90a70d7cda91d7f1643dc600c39d31f2322ff3ea8b3db28e0f082,1715950,0,63.6755,66095.8114,2024-05-17 13:00:00,2024-05-17,4,Friday,5,May,-9.0201
575e4b32b6c90a70d7cda91d7f1643dc600c39d31f2322ff3ea8b3db28e0f082,1715954,0,58.1696,66100.0,2024-05-17 14:00:00,2024-05-17,4,Friday,5,May,-5.5059
575e4b32b6c90a70d7cda91d7f1643dc600c39d31f2322ff3ea8b3db28e0f082,1715958,0,48.1131,66110.0,2024-05-17 15:00:00,2024-05-17,4,Friday,5,May,-10.0565
575e4b32b6c90a70d7cda91d7f1643dc600c39d31f2322ff3ea8b3db28e0f082,1715961,0,39.7153,66120.0,2024-05-17 16:00:00,2024-05-17,4,Friday,5,May,-8.3978
575e4b32b6c90a70d7cda91d7f1643dc600c39d31f2322ff3ea8b3db28e0f082,1715965,1,42.0062,66131.9876,2024-05-17 17:00:00,2024-05-17,4,Friday,5,May,2.2909
575e4b32b6c90a70d7cda91d7f1643dc600c39d31f2322ff3ea8b3db28e0f082,1715968,1,45.9835,66140.0,2024-05-17 18:00:00,2024-05-17,4,Friday,5,May,3.9773
575e4b32b6c90a70d7cda91d7f1643dc600c39d31f2322ff3ea8b3db28e0f082,1715972,1,67.7283,66150.0,2024-05-17 19:00:00,2024-05-17,4,Friday,5,May,21.7448
575e4b32b6c90a70d7cda91d7f1643dc600c39d31f2322ff3ea8b3db28e0f082,1715976,0,59.9089,66160.0,2024-05-17 20:00:00,2024-05-17,4,Friday,5,May,-7.8194
575e4b32b6c90a70d7cda91d7f1643dc600c39d31f2322ff3ea8b3db28e0f082,1715979,0,54.0039,66160.0,2024-05-17 21:00:00,2024-05-17,4,Friday,5,May,-5.905
575e4b32b6c90a70d7cda91d7f1643dc600c39d31f2322ff3ea8b3db28e0f082,1715983,0,40.0224,66175.9552,2024-05-17 22:00:00,2024-05-17,4,Friday,5,May,-13.9815
575e4b32b6c90a70d7cda91d7f1643dc600c39d31f2322ff3ea8b3db28e0f082,1715986,1,92.3881,66180.0,2024-05-17 23:00:00,2024-05-17,4,Friday,5,May,52.3657
575e4b32b6c90a70d7cda91d7f1643dc600c39d31f2322ff3ea8b3db28e0f082,1715990,1,93.7952,66180.6827,2024-05-18 00:00:00,2024-05-18,5,Saturday,5,May,1.4071
575e4b32b6c90a70d7cda91d7f1643dc600c39d31f2322ff3ea8b3db28e0f082,1715994,0,81.2087,66199.4783,2024-05-18 01:00:00,2024-05-18,5,Saturday,5,May,-12.5865
575e4b32b6c90a70d7cda91d7f1643dc600c39d31f2322ff3ea8b3db28e0f082,1715997,0,67.7375,66210.0,2024-05-18 02:00:00,2024-05-18,5,Saturday,5,May,-13.4712
575e4b32b6c90a70d7cda91d7f1643dc600c39d31f2322ff3ea8b3db28e0f082,1716001,0,59.2291,66220.0,2024-05-18 03:00:00,2024-05-18,5,Saturday,5,May,-8.5084
575e4b32b6c90a70d7cda91d7f1643dc600c39d31f2322ff3ea8b3db28e0f082,1716004,0,57.3808,66220.0,2024-05-18 04:00:00,2024-05-18,5,Saturday,5,May,-1.8483
575e4b32b6c90a70d7cda91d7f1643dc600c39d31f2322ff3ea8b3db28e0f082,1716008,0,55.5324,66220.0,2024-05-18 05:00:00,2024-05-18,5,Saturday,5,May,-1.8484
575e4b32b6c90a70d7cda91d7f1643dc600c39d31f2322ff3ea8b3db28e0f082,1716012,0,53.4664,66220.7115,2024-05-18 06:00:00,2024-05-18,5,Saturday,5,May,-2.066
575e4b32b6c90a70d7cda91d7f1643dc600c39d31f2322ff3ea8b3db28e0f082,1716015,0,50.3442,66224.8744,2024-05-18 07:00:00,2024-05-18,5,Saturday,5,May,-3.1222
575e4b32b6c90a70d7cda91d7f1643dc600c39d31f2322ff3ea8b3db28e0f082,1716019,0,47.222,66229.0374,2024-05-18 08:00:00,2024-05-18,5,Saturday,5,May,-3.1222
575e4b32b6c90a70d7cda91d7f1643dc600c39d31f2322ff3ea8b3db28e0f082,1716022,0,44.0998,66233.2003,2024-05-18 09:00:00,2024-05-18,5,Saturday,5,May,-3.1222
575e4b32b6c90a70d7cda91d7f1643dc600c39d31f2322ff3ea8b3db28e0f082,1716026,0,40.9776,66237.3632,2024-05-18 10:00:00,2024-05-18,5,Saturday,5,May,-3.1222
575e4b32b6c90a70d7cda91d7f1643dc600c39d31f2322ff3ea8b3db28e0f082,1716030,0,31.7068,66244.5865,2024-05-18 11:00:00,2024-05-18,5,Saturday,5,May,-9.2708
575e4b32b6c90a70d7cda91d7f1643dc600c39d31f2322ff3ea8b3db28e0f082,1716033,0,19.2311,66260.0,2024-05-18 12:00:00,2024-05-18,5,Saturday,5,May,-12.4757
575e4b32b6c90a70d7cda91d7f1643dc600c39d31f2322ff3ea8b3db28e0f082,1716037,1,90.5334,66260.0,2024-05-18 13:00:00,2024-05-18,5,Saturday,5,May,71.3023
575e4b32b6c90a70d7cda91d7f1643dc600c39d31f2322ff3ea8b3db28e0f082,1716040,0,88.0325,66262.4186,2024-05-18 14:00:00,2024-05-18,5,Saturday,5,May,-2.5009
575e4b32b6c90a70d7cda91d7f1643dc600c39d31f2322ff3ea8b3db28e0f082,1716044,0,85.3512,66269.1221,2024-05-18 15:00:00,2024-05-18,5,Saturday,5,May,-2.6813
575e4b32b6c90a70d7cda91d7f1643dc600c39d31f2322ff3ea8b3db28e0f082,1716048,0,82.6198,66270.0,2024-05-18 16:00:00,2024-05-18,5,Saturday,5,May,-2.7314
575e4b32b6c90a70d7cda91d7f1643dc600c39d31f2322ff3ea8b3db28e0f082,1716051,0,79.5671,66271.4431,2024-05-18 17:00:00,2024-05-18,5,Saturday,5,May,-3.0527
575e4b32b6c90a70d7cda91d7f1643dc600c39d31f2322ff3ea8b3db28e0f082,1716055,0,71.6858,66280.0,2024-05-18 18:00:00,2024-05-18,5,Saturday,5,May,-7.8813
575e4b32b6c90a70d7cda91d7f1643dc600c39d31f2322ff3ea8b3db28e0f082,1716058,0,62.5615,66290.0,2024-05-18 19:00:00,2024-05-18,5,Saturday,5,May,-9.1243
575e4b32b6c90a70d7cda91d7f1643dc600c39d31f2322ff3ea8b3db28e0f082,1716062,0,46.2045,66310.0,2024-05-18 20:00:00,2024-05-18,5,Saturday,5,May,-16.357
575e4b32b6c90a70d7cda91d7f1643dc600c39d31f2322ff3ea8b3db28e0f082,1716066,0,39.7415,66310.0,2024-05-18 21:00:00,2024-05-18,5,Saturday,5,May,-6.463
575e4b32b6c90a70d7cda91d7f1643dc600c39d31f2322ff3ea8b3db28e0f082,1716069,0,34.0207,66320.0,2024-05-18 22:00:00,2024-05-18,5,Saturday,5,May,-5.7208
575e4b32b6c90a70d7cda91d7f1643dc600c39d31f2322ff3ea8b3db28e0f082,1716073,0,28.9793,66325.0518,2024-05-18 23:00:00,2024-05-18,5,Saturday,5,May,-5.0414
575e4b32b6c90a70d7cda91d7f1643dc600c39d31f2322ff3ea8b3db28e0f082,1716076,0,22.6458,66330.0,2024-05-19 00:00:00,2024-05-19,6,Sunday,5,May,-6.3335
575e4b32b6c90a70d7cda91d7f1643dc600c39d31f2322ff3ea8b3db28e0f082,1716080,0,14.1356,66340.0,2024-05-19 01:00:00,2024-05-19,6,Sunday,5,May,-8.5102
575e4b32b6c90a70d7cda91d7f1643dc600c39d31f2322ff3ea8b3db28e0f082,1716084,1,72.3147,66340.0,2024-05-19 02:00:00,2024-05-19,6,Sunday,5,May,58.1791
575e4b32b6c90a70d7cda91d7f1643dc600c39d31f2322ff3ea8b3db28e0f082,1716087,1,99.4316,66340.0,2024-05-19 03:00:00,2024-05-19,6,Sunday,5,May,27.1169
575e4b32b6c90a70d7cda91d7f1643dc600c39d31f2322ff3ea8b3db28e0f082,1716091,0,96.3594,66341.2813,2024-05-19 04:00:00,2024-05-19,6,Sunday,5,May,-3.0722
575e4b32b6c90a70d7cda91d7f1643dc600c39d31f2322ff3ea8b3db28e0f082,1716094,0,94.358,66345.284,2024-05-19 05:00:00,2024-05-19,6,Sunday,5,May,-2.0014
575e4b32b6c90a70d7cda91d7f1643dc600c39d31f2322ff3ea8b3db28e0f082,1716098,0,92.3566,66349.2868,2024-05-19 06:00:00,2024-05-19,6,Sunday,5,May,-2.0014
575e4b32b6c90a70d7cda91d7f1643dc600c39d31f2322ff3ea8b3db28e0f082,1716102,0,90.2855,66351.7145,2024-05-19 07:00:00,2024-05-19,6,Sunday,5,May,-2.0711
575e4b32b6c90a70d7cda91d7f1643dc600c39d31f2322ff3ea8b3db28e0f082,1716105,0,88.1992,66353.8008,2024-05-19 08:00:00,2024-05-19,6,Sunday,5,May,-2.0863
575e4b32b6c90a70d7cda91d7f1643dc600c39d31f2322ff3ea8b3db28e0f082,1716109,0,86.1129,66355.8871,2024-05-19 09:00:00,2024-05-19,6,Sunday,5,May,-2.0863
575e4b32b6c90a70d7cda91d7f1643dc600c39d31f2322ff3ea8b3db28e0f082,1716112,0,84.0266,66357.9734,2024-05-19 10:00:00,2024-05-19,6,Sunday,5,May,-2.0863
575e4b32b6c90a70d7cda91d7f1643dc600c39d31f2322ff3ea8b3db28e0f082,1716116,0,81.4284,66360.0,2024-05-19 11:00:00,2024-05-19,6,Sunday,5,May,-2.5982
575e4b32b6c90a70d7cda91d7f1643dc600c39d31f2322ff3ea8b3db28e0f082,1716120,0,65.6445,66378.711,2024-05-19 12:00:00,2024-05-19,6,Sunday,5,May,-15.7839
575e4b32b6c90a70d7cda91d7f1643dc600c39d31f2322ff3ea8b3db28e0f082,1716123,0,54.3236,66390.0,2024-05-19 13:00:00,2024-05-19,6,Sunday,5,May,-11.3209
575e4b32b6c90a70d7cda91d7f1643dc600c39d31f2322ff3ea8b3db28e0f082,1716127,0,44.5557,66400.0,2024-05-19 14:00:00,2024-05-19,6,Sunday,5,May,-9.7679
575e4b32b6c90a70d7cda91d7f1643dc600c39d31f2322ff3ea8b3db28e0f082,1716130,0,32.1816,66410.0,2024-05-19 15:00:00,2024-05-19,6,Sunday,5,May,-12.3741
575e4b32b6c90a70d7cda91d7f1643dc600c39d31f2322ff3ea8b3db28e0f082,1716134,1,61.665,66415.8376,2024-05-19 16:00:00,2024-05-19,6,Sunday,5,May,29.4834
575e4b32b6c90a70d7cda91d7f1643dc600c39d31f2322ff3ea8b3db28e0f082,1716138,0,56.3655,66421.2689,2024-05-19 17:00:00,2024-05-19,6,Sunday,5,May,-5.2995
575e4b32b6c90a70d7cda91d7f1643dc600c39d31f2322ff3ea8b3db28e0f082,1716141,0,48.488,66430.0,2024-05-19 18:00:00,2024-05-19,6,Sunday,5,May,-7.8775
575e4b32b6c90a70d7cda91d7f1643dc600c39d31f2322ff3ea8b3db28e0f082,1716145,0,34.5178,66446.9644,2024-05-19 19:00:00,2024-05-19,6,Sunday,5,May,-13.9702
575e4b32b6c90a70d7cda91d7f1643dc600c39d31f2322ff3ea8b3db28e0f082,1716148,0,30.8513,66460.0,2024-05-19 20:00:00,2024-05-19,6,Sunday,5,May,-3.6665
575e4b32b6c90a70d7cda91d7f1643dc600c39d31f2322ff3ea8b3db28e0f082,1716152,1,91.7986,66460.0,2024-05-19 21:00:00,2024-05-19,6,Sunday,5,May,60.9473
575e4b32b6c90a70d7cda91d7f1643dc600c39d31f2322ff3ea8b3db28e0f082,1716156,1,99.7783,66460.0,2024-05-19 22:00:00,2024-05-19,6,Sunday,5,May,7.9797
575e4b32b6c90a70d7cda91d7f1643dc600c39d31f2322ff3ea8b3db28e0f082,1716159,0,97.2514,66460.0,2024-05-19 23:00:00,2024-05-19,6,Sunday,5,May,-2.5269
575e4b32b6c90a70d7cda91d7f1643dc600c39d31f2322ff3ea8b3db28e0f082,1716163,0,89.3823,66470.0,2024-05-20 00:00:00,2024-05-20,0,Monday,5,May,-7.8691
575e4b32b6c90a70d7cda91d7f1643dc600c39d31f2322ff3ea8b3db28e0f082,1716166,0,82.1035,66479.6551,2024-05-20 01:00:00,2024-05-20,0,Monday,5,May,-7.2788
575e4b32b6c90a70d7cda91d7f1643dc600c39d31f2322ff3ea8b3db28e0f082,1716170,0,80.979,66481.1345,2024-05-20 02:00:00,2024-05-20,0,Monday,5,May,-1.1245
575e4b32b6c90a70d7cda91d7f1643dc600c39d31f2322ff3ea8b3db28e0f082,1716174,0,79.9342,66482.2953,2024-05-20 03:00:00,2024-05-20,0,Monday,5,May,-1.0448
575e4b32b6c90a70d7cda91d7f1643dc600c39d31f2322ff3ea8b3db28e0f082,1716177,0,78.8895,66483.4561,2024-05-20 04:00:00,2024-05-20,0,Monday,5,May,-1.0447
575e4b32b6c90a70d7cda91d7f1643dc600c39d31f2322ff3ea8b3db28e0f082,1716181,0,77.8448,66484.6169,2024-05-20 05:00:00,2024-05-20,0,Monday,5,May,-1.0447
575e4b32b6c90a70d7cda91d7f1643dc600c39d31f2322ff3ea8b3db28e0f082,1716184,0,76.8,66485.7778,2024-05-20 06:00:00,2024-05-20,0,Monday,5,May,-1.0448
575e4b32b6c90a70d7cda91d7f1643dc600c39d31f2322ff3ea8b3db28e0f082,1716188,0,75.7553,66486.9386,2024-05-20 07:00:00,2024-05-20,0,Monday,5,May,-1.0447
575e4b32b6c90a70d7cda91d7f1643dc600c39d31f2322ff3ea8b3db28e0f082,1716192,0,74.7106,66488.0994,2024-05-20 08:00:00,2024-05-20,0,Monday,5,May,-1.0447
575e4b32b6c90a70d7cda91d7f1643dc600c39d31f2322ff3ea8b3db28e0f082,1716195,0,73.6658,66489.2602,2024-05-20 09:00:00,2024-05-20,0,Monday,5,May,-1.0448
575e4b32b6c90a70d7cda91d7f1643dc600c39d31f2322ff3ea8b3db28e0f082,1716199,0,67.4707,66490.0,2024-05-20 10:00:00,2024-05-20,0,Monday,5,May,-6.1951
575e4b32b6c90a70d7cda91d7f1643dc600c39d31f2322ff3ea8b3db28e0f082,1716202,0,53.9156,66507.711,2024-05-20 11:00:00,2024-05-20,0,Monday,5,May,-13.5551
575e4b32b6c90a70d7cda91d7f1643dc600c39d31f2322ff3ea8b3db28e0f082,1716206,0,46.9191,66510.0,2024-05-20 12:00:00,2024-05-20,0,Monday,5,May,-6.9965
575e4b32b6c90a70d7cda91d7f1643dc600c39d31f2322ff3ea8b3db28e0f082,1716210,0,35.182,66524.545,2024-05-20 13:00:00,2024-05-20,0,Monday,5,May,-11.7371
575e4b32b6c90a70d7cda91d7f1643dc600c39d31f2322ff3ea8b3db28e0f082,1716213,0,23.6834,66537.7222,2024-05-20 14:00:00,2024-05-20,0,Monday,5,May,-11.4986
575e4b32b6c90a70d7cda91d7f1643dc600c39d31f2322ff3ea8b3db28e0f082,1716217,0,20.0131,66540.0,2024-05-20 15:00:00,2024-05-20,0,Monday,5,May,-3.6703
575e4b32b6c90a70d7cda91d7f1643dc600c39d31f2322ff3ea8b3db28e0f082,1716220,1,24.3117,66550.0,2024-05-20 16:00:00,2024-05-20,0,Monday,5,May,4.2986
575e4b32b6c90a70d7cda91d7f1643dc600c39d31f2322ff3ea8b3db28e0f082,1716224,1,94.5193,66550.0,2024-05-20 17:00:00,2024-05-20,0,Monday,5,May,70.2076
575e4b32b6c90a70d7cda91d7f1643dc600c39d31f2322ff3ea8b3db28e0f082,1716228,0,89.2156,66559.4611,2024-05-20 18:00:00,2024-05-20,0,Monday,5,May,-5.3037
575e4b32b6c90a70d7cda91d7f1643dc600c39d31f2322ff3ea8b3db28e0f082,1716231,0,76.6936,66570.0,2024-05-20 19:00:00,2024-05-20,0,Monday,5,May,-12.522
575e4b32b6c90a70d7cda91d7f1643dc600c39d31f2322ff3ea8b3db28e0f082,1716235,0,71.2489,66577.5115,2024-05-20 20:00:00,2024-05-20,0,Monday,5,May,-5.4447
575e4b32b6c90a70d7cda91d7f1643dc600c39d31f2322ff3ea8b3db28e0f082,1716238,0,62.5481,66584.0864,2024-05-20 21:00:00,2024-05-20,0,Monday,5,May,-8.7008
575e4b32b6c90a70d7cda91d7f1643dc600c39d31f2322ff3ea8b3db28e0f082,1716242,0,46.311,66600.0,2024-05-20 22:00:00,2024-05-20,0,Monday,5,May,-16.2371
575e4b32b6c90a70d7cda91d7f1643dc600c39d31f2322ff3ea8b3db28e0f082,1716246,0,29.3882,66620.0,2024-05-20 23:00:00,2024-05-20,0,Monday,5,May,-16.9228
575e4b32b6c90a70d7cda91d7f1643dc600c39d31f2322ff3ea8b3db28e0f082,1716249,0,23.7583,66630.0,2024-05-21 00:00:00,2024-05-21,1,Tuesday,5,May,-5.6299
575e4b32b6c90a70d7cda91d7f1643dc600c39d31f2322ff3ea8b3db28e0f082,1716253,1,84.2949,66630.0,2024-05-21 01:00:00,2024-05-21,1,Tuesday,5,May,60.5366
575e4b32b6c90a70d7cda91d7f1643dc600c39d31f2322ff3ea8b3db28e0f082,1716256,1,100.0,66630.0,2024-05-21 02:00:00,2024-05-21,1,Tuesday,5,May,15.7051
575e4b32b6c90a70d7cda91d7f1643dc600c39d31f2322ff3ea8b3db28e0f082,1716260,0,100.0,66630.0,2024-05-21 03:00:00,2024-05-21,1,Tuesday,5,May,0.0
575e4b32b6c90a70d7cda91d7f1643dc600c39d31f2322ff3ea8b3db28e0f082,1716264,0,100.0,66630.0,2024-05-21 04:00:00,2024-05-21,1,Tuesday,5,May,0.0
575e4b32b6c90a70d7cda91d7f1643dc600c39d31f2322ff3ea8b3db28e0f082,1716267,0,100.0,66630.0,2024-05-21 05:00:00,2024-05-21,1,Tuesday,5,May,0.0
575e4b32b6c90a70d7cda91d7f1643dc600c39d31f2322ff3ea8b3db28e0f082,1716271,0,100.0,66630.0,2024-05-21 06:00:00,2024-05-21,1,Tuesday,5,May,0.0
575e4b32b6c90a70d7cda91d7f1643dc600c39d31f2322ff3ea8b3db28e0f082,1716274,0,100.0,66630.0,2024-05-21 07:00:00,2024-05-21,1,Tuesday,5,May,0.0
575e4b32b6c90a70d7cda91d7f1643dc600c39d31f2322ff3ea8b3db28e0f082,1716278,0,100.0,66630.0,2024-05-21 08:00:00,2024-05-21,1,Tuesday,5,May,0.0
575e4b32b6c90a70d7cda91d7f1643dc600c39d31f2322ff3ea8b3db28e0f082,1716282,0,97.1943,66635.6113,2024-05-21 09:00:00,2024-05-21,1,Tuesday,5,May,-2.8057
575e4b32b6c90a70d7cda91d7f1643dc600c39d31f2322ff3ea8b3db28e0f082,1716285,0,90.6514,66640.0,2024-05-21 10:00:00,2024-05-21,1,Tuesday,5,May,-6.5429
575e4b32b6c90a70d7cda91d7f1643dc600c39d31f2322ff3ea8b3db28e0f082,1716289,0,81.2942,66650.0,2024-05-21 11:00:00,2024-05-21,1,Tuesday,5,May,-9.3572
575e4b32b6c90a70d7cda91d7f1643dc600c39d31f2322ff3ea8b3db28e0f082,1716292,0,74.0962,66660.0,2024-05-21 12:00:00,2024-05-21,1,Tuesday,5,May,-7.198
575e4b32b6c90a70d7cda91d7f1643dc600c39d31f2322ff3ea8b3db28e0f082,1716296,0,67.2688,66661.8281,2024-05-21 13:00:00,2024-05-21,1,Tuesday,5,May,-6.8274
575e4b32b6c90a70d7cda91d7f1643dc600c39d31f2322ff3ea8b3db28e0f082,1716300,0,60.6339,66670.0,2024-05-21 14:00:00,2024-05-21,1,Tuesday,5,May,-6.6349
575e4b32b6c90a70d7cda91d7f1643dc600c39d31f2322ff3ea8b3db28e0f082,1716303,0,51.4481,66680.0,2024-05-21 15:00:00,2024-05-21,1,Tuesday,5,May,-9.1858
575e4b32b6c90a70d7cda91d7f1643dc600c39d31f2322ff3ea8b3db28e0f082,1716307,0,47.9354,66690.0,2024-05-21 16:00:00,2024-05-21,1,Tuesday,5,May,-3.5127
575e4b32b6c90a70d7cda91d7f1643dc600c39d31f2322ff3ea8b3db28e0f082,1716310,1,92.7474,66690.0,2024-05-21 17:00:00,2024-05-21,1,Tuesday,5,May,44.812
575e4b32b6c90a70d7cda91d7f1643dc600c39d31f2322ff3ea8b3db28e0f082,1716314,0,87.4152,66700.0,2024-05-21 18:00:00,2024-05-21,1,Tuesday,5,May,-5.3322
575e4b32b6c90a70d7cda91d7f1643dc600c39d31f2322ff3ea8b3db28e0f082,1716318,0,80.8947,66700.0,2024-05-21 19:00:00,2024-05-21,1,Tuesday,5,May,-6.5205
575e4b32b6c90a70d7cda91d7f1643dc600c39d31f2322ff3ea8b3db28e0f082,1716321,0,73.6432,66710.0,2024-05-21 20:00:00,2024-05-21,1,Tuesday,5,May,-7.2515
575e4b32b6c90a70d7cda91d7f1643dc600c39d31f2322ff3ea8b3db28e0f082,1716325,0,60.9311,66720.0,2024-05-21 21:00:00,2024-05-21,1,Tuesday,5,May,-12.7121
575e4b32b6c90a70d7cda91d7f1643dc600c39d31f2322ff3ea8b3db28e0f082,1716328,0,43.2209,66740.0,2024-05-21 22:00:00,2024-05-21,1,Tuesday,5,May,-17.7102
575e4b32b6c90a70d7cda91d7f1643dc600c39d31f2322ff3ea8b3db28e0f082,1716332,0,23.2228,66760.0,2024-05-21 23:00:00,2024-05-21,1,Tuesday,5,May,-19.9981
575e4b32b6c90a70d7cda91d7f1643dc600c39d31f2322ff3ea8b3db28e0f082,1716336,1,47.5539,66770.0,2024-05-22 00:00:00,2024-05-22,2,Wednesday,5,May,24.3311
575e4b32b6c90a70d7cda91d7f1643dc600c39d31f2322ff3ea8b3db28e0f082,1716339,0,47.4621,66776.3449,2024-05-22 01:00:00,2024-05-22,2,Wednesday,5,May,-0.0918
575e4b32b6c90a70d7cda91d7f1643dc600c39d31f2322ff3ea8b3db28e0f082,1716343,0,42.197,66780.0,2024-05-22 02:00:00,2024-05-22,2,Wednesday,5,May,-5.2651
575e4b32b6c90a70d7cda91d7f1643dc600c39d31f2322ff3ea8b3db28e0f082,1716346,1,83.3796,66780.0,2024-05-22 03:00:00,2024-05-22,2,Wednesday,5,May,41.1826
575e4b32b6c90a70d7cda91d7f1643dc600c39d31f2322ff3ea8b3db28e0f082,1716350,1,100.0,66780.0,2024-05-22 04:00:00,2024-05-22,2,Wednesday,5,May,16.6204
575e4b32b6c90a70d7cda91d7f1643dc600c39d31f2322ff3ea8b3db28e0f082,1716354,0,100.0,66780.0,2024-05-22 05:00:00,2024-05-22,2,Wednesday,5,May,0.0
575e4b32b6c90a70d7cda91d7f1643dc600c39d31f2322ff3ea8b3db28e0f082,1716357,0,100.0,66780.0,2024-05-22 06:00:00,2024-05-22,2,Wednesday,5,May,0.0
575e4b32b6c90a70d7cda91d7f1643dc600c39d31f2322ff3ea8b3db28e0f082,1716361,0,100.0,66780.0,2024-05-22 07:00:00,2024-05-22,2,Wednesday,5,May,0.0
575e4b32b6c90a70d7cda91d7f1643dc600c39d31f2322ff3ea8b3db28e0f082,1716364,0,100.0,66780.0,2024-05-22 08:00:00,2024-05-22,2,Wednesday,5,May,0.0
575e4b32b6c90a70d7cda91d7f1643dc600c39d31f2322ff3ea8b3db28e0f082,1716368,0,99.8396,66780.8022,2024-05-22 09:00:00,2024-05-22,2,Wednesday,5,May,-0.1604
575e4b32b6c90a70d7cda91d7f1643dc600c39d31f2322ff3ea8b3db28e0f082,1716372,0,86.1004,66799.7491,2024-05-22 10:00:00,2024-05-22,2,Wednesday,5,May,-13.7392
575e4b32b6c90a70d7cda91d7f1643dc600c39d31f2322ff3ea8b3db28e0f082,1716375,0,75.2432,66810.0,2024-05-22 11:00:00,2024-05-22,2,Wednesday,5,May,-10.8572
575e4b32b6c90a70d7cda91d7f1643dc600c39d31f2322ff3ea8b3db28e0f082,1716379,0,63.4961,66820.0,2024-05-22 12:00:00,2024-05-22,2,Wednesday,5,May,-11.7471
575e4b32b6c90a70d7cda91d7f1643dc600c39d31f2322ff3ea8b3db28e0f082,1716382,0,47.8881,66837.7798,2024-05-22 13:00:00,2024-05-22,2,Wednesday,5,May,-15.608
575e4b32b6c90a70d7cda91d7f1643dc600c39d31f2322ff3ea8b3db28e0f082,1716386,0,36.4088,66850.0,2024-05-22 14:00:00,2024-05-22,2,Wednesday,5,May,-11.4793
575e4b32b6c90a70d7cda91d7f1643dc600c39d31f2322ff3ea8b3db28e0f082,1716390,0,23.0525,66860.0,2024-05-22 15:00:00,2024-05-22,2,Wednesday,5,May,-13.3563
575e4b32b6c90a70d7cda91d7f1643dc600c39d31f2322ff3ea8b3db28e0f082,1716393,0,12.893,66870.0,2024-05-22 16:00:00,2024-05-22,2,Wednesday,5,May,-10.1595
575e4b32b6c90a70d7cda91d7f1643dc600c39d31f2322ff3ea8b3db28e0f082,1716397,1,50.864,66870.0,2024-05-22 17:00:00,2024-05-22,2,Wednesday,5,May,37.971
575e4b32b6c90a70d7cda91d7f1643dc600c39d31f2322ff3ea8b3db28e0f082,1716400,1,95.6402,66870.0,2024-05-22 18:00:00,2024-05-22,2,Wednesday,5,May,44.7762
575e4b32b6c90a70d7cda91d7f1643dc600c39d31f2322ff3ea8b3db28e0f082,1716404,0,94.3416,66880.0,2024-05-22 19:00:00,2024-05-22,2,Wednesday,5,May,-1.2986
575e4b32b6c90a70d7cda91d7f1643dc600c39d31f2322ff3ea8b3db28e0f082,1716408,0,74.5876,66900.0,2024-05-22 20:00:00,2024-05-22,2,Wednesday,5,May,-19.754
575e4b32b6c90a70d7cda91d7f1643dc600c39d31f2322ff3ea8b3db28e0f082,1716411,0,55.7369,66918.5263,2024-05-22 21:00:00,2024-05-22,2,Wednesday,5,May,-18.8507
575e4b32b6c90a70d7cda91d7f1643dc600c39d31f2322ff3ea8b3db28e0f082,1716415,0,31.8865,66940.0,2024-05-22 22:00:00,2024-05-22,2,Wednesday,5,May,-23.8504
575e4b32b6c90a70d7cda91d7f1643dc600c39d31f2322ff3ea8b3db28e0f082,1716418,1,38.7395,66960.0,2024-05-22 23:00:00,2024-05-22,2,Wednesday,5,May,6.853
575e4b32b6c90a70d7cda91d7f1643dc600c39d31f2322ff3ea8b3db28e0f082,1716422,1,98.9595,66960.0,2024-05-23 00:00:00,2024-05-23,3,Thursday,5,May,60.22
575e4b32b6c90a70d7cda91d7f1643dc600c39d31f2322ff3ea8b3db28e0f082,1716426,0,85.4469,66970.0,2024-05-23 01:00:00,2024-05-23,3,Thursday,5,May,-13.5126
575e4b32b6c90a70d7cda91d7f1643dc600c39d31f2322ff3ea8b3db28e0f082,1716429,1,100.0,66970.0,2024-05-23 02:00:00,2024-05-23,3,Thursday,5,May,14.5531
575e4b32b6c90a70d7cda91d7f1643dc600c39d31f2322ff3ea8b3db28e0f082,1716433,0,100.0,66970.0,2024-05-23 03:00:00,2024-05-23,3,Thursday,5,May,0.0
575e4b32b6c90a70d7cda91d7f1643dc600c39d31f2322ff3ea8b3db28e0f082,1716436,0,100.0,66970.0,2024-05-23 04:00:00,2024-05-23,3,Thursday,5,May,0.0
575e4b32b6c90a70d7cda91d7f1643dc600c39d31f2322ff3ea8b3db28e0f082,1716440,0,100.0,66970.0,2024-05-23 05:00:00,2024-05-23,3,Thursday,5,May,0.0
575e4b32b6c90a70d7cda91d7f1643dc600c39d31f2322ff3ea8b3db28e0f082,1716444,0,100.0,66970.0,2024-05-23 06:00:00,2024-05-23,3,Thursday,5,May,0.0
575e4b32b6c90a70d7cda91d7f1643dc600c39d31f2322ff3ea8b3db28e0f082,1716447,0,100.0,66970.0,2024-05-23 07:00:00,2024-05-23,3,Thursday,5,May,0.0
575e4b32b6c90a70d7cda91d7f1643dc600c39d31f2322ff3ea8b3db28e0f082,1716451,0,100.0,66970.0,2024-05-23 08:00:00,2024-05-23,3,Thursday,5,May,0.0
575e4b32b6c90a70d7cda91d7f1643dc600c39d31f2322ff3ea8b3db28e0f082,1716454,0,100.0,66970.0,2024-05-23 09:00:00,2024-05-23,3,Thursday,5,May,0.0
575e4b32b6c90a70d7cda91d7f1643dc600c39d31f2322ff3ea8b3db28e0f082,1716458,0,94.5932,66980.0,2024-05-23 10:00:00,2024-05-23,3,Thursday,5,May,-5.4068
575e4b32b6c90a70d7cda91d7f1643dc600c39d31f2322ff3ea8b3db28e0f082,1716462,0,80.877,66990.41,2024-05-23 11:00:00,2024-05-23,3,Thursday,5,May,-13.7162
575e4b32b6c90a70d7cda91d7f1643dc600c39d31f2322ff3ea8b3db28e0f082,1716465,0,74.9369,67000.0,2024-05-23 12:00:00,2024-05-23,3,Thursday,5,May,-5.9401
575e4b32b6c90a70d7cda91d7f1643dc600c39d31f2322ff3ea8b3db28e0f082,1716469,0,63.6532,67010.0,2024-05-23 13:00:00,2024-05-23,3,Thursday,5,May,-11.2837
575e4b32b6c90a70d7cda91d7f1643dc600c39d31f2322ff3ea8b3db28e0f082,1716472,0,57.6983,67018.2541,2024-05-23 14:00:00,2024-05-23,3,Thursday,5,May,-5.9549
575e4b32b6c90a70d7cda91d7f1643dc600c39d31f2322ff3ea8b3db28e0f082,1716476,0,52.2431,67020.0,2024-05-23 15:00:00,2024-05-23,3,Thursday,5,May,-5.4552
575e4b32b6c90a70d7cda91d7f1643dc600c39d31f2322ff3ea8b3db28e0f082,1716480,0,49.0,67025.2507,2024-05-23 16:00:00,2024-05-23,3,Thursday,5,May,-3.2431
575e4b32b6c90a70d7cda91d7f1643dc600c39d31f2322ff3ea8b3db28e0f082,1716483,1,92.9056,67030.0,2024-05-23 17:00:00,2024-05-23,3,Thursday,5,May,43.9056
575e4b32b6c90a70d7cda91d7f1643dc600c39d31f2322ff3ea8b3db28e0f082,1716487,1,95.8074,67030.0,2024-05-23 18:00:00,2024-05-23,3,Thursday,5,May,2.9018
575e4b32b6c90a70d7cda91d7f1643dc600c39d31f2322ff3ea8b3db28e0f082,1716490,0,87.9745,67040.0,2024-05-23 19:00:00,2024-05-23,3,Thursday,5,May,-7.8329
575e4b32b6c90a70d7cda91d7f1643dc600c39d31f2322ff3ea8b3db28e0f082,1716494,0,81.7434,67050.0,2024-05-23 20:00:00,2024-05-23,3,Thursday,5,May,-6.2311
575e4b32b6c90a70d7cda91d7f1643dc600c39d31f2322ff3ea8b3db28e0f082,1716498,0,74.4422,67050.0,2024-05-23 21:00:00,2024-05-23,3,Thursday,5,May,-7.3012
575e4b32b6c90a70d7cda91d7f1643dc600c39d31f2322ff3ea8b3db28e0f082,1716501,0,64.0143,67063.9713,2024-05-23 22:00:00,2024-05-23,3,Thursday,5,May,-10.4279
575e4b32b6c90a70d7cda91d7f1643dc600c39d31f2322ff3ea8b3db28e0f082,1716505,0,51.9222,67080.0,2024-05-23 23:00:00,2024-05-23,3,Thursday,5,May,-12.0921
575e4b32b6c90a70d7cda91d7f1643dc600c39d31f2322ff3ea8b3db28e0f082,1716508,0,39.9234,67090.0,2024-05-24 00:00:00,2024-05-24,4,Friday,5,May,-11.9988
575e4b32b6c90a70d7cda91d7f1643dc600c39d31f2322ff3ea8b3db28e0f082,1716512,0,28.9248,67100.0,2024-05-24 01:00:00,2024-05-24,4,Friday,5,May,-10.9986
575e4b32b6c90a70d7cda91d7f1643dc600c39d31f2322ff3ea8b3db28e0f082,1716516,1,47.0122,67110.0,2024-05-24 02:00:00,2024-05-24,4,Friday,5,May,18.0874
575e4b32b6c90a70d7cda91d7f1643dc600c39d31f2322ff3ea8b3db28e0f082,1716519,1,100.0,67110.0,2024-05-24 03:00:00,2024-05-24,4,Friday,5,May,52.9878
575e4b32b6c90a70d7cda91d7f1643dc600c39d31f2322ff3ea8b3db28e0f082,1716523,0,100.0,67110.0,2024-05-24 04:00:00,2024-05-24,4,Friday,5,May,0.0
575e4b32b6c90a70d7cda91d7f1643dc600c39d31f2322ff3ea8b3db28e0f082,1716526,0,100.0,67110.0,2024-05-24 05:00:00,2024-05-24,4,Friday,5,May,0.0
575e4b32b6c90a70d7cda91d7f1643dc600c39d31f2322ff3ea8b3db28e0f082,1716530,0,100.0,67110.0,2024-05-24 06:00:00,2024-05-24,4,Friday,5,May,0.0
575e4b32b6c90a70d7cda91d7f1643dc600c39d31f2322ff3ea8b3db28e0f082,1716534,0,100.0,67110.0,2024-05-24 07:00:00,2024-05-24,4,Friday,5,May,0.0
575e4b32b6c90a70d7cda91d7f1643dc600c39d31f2322ff3ea8b3db28e0f082,1716537,0,100.0,67110.0,2024-05-24 08:00:00,2024-05-24,4,Friday,5,May,0.0
575e4b32b6c90a70d7cda91d7f1643dc600c39d31f2322ff3ea8b3db28e0f082,1716541,0,96.4579,67110.0,2024-05-24 09:00:00,2024-05-24,4,Friday,5,May,-3.5421
575e4b32b6c90a70d7cda91d7f1643dc600c39d31f2322ff3ea8b3db28e0f082,1716544,0,89.4861,67118.3797,2024-05-24 10:00:00,2024-05-24,4,Friday,5,May,-6.9718
575e4b32b6c90a70d7cda91d7f1643dc600c39d31f2322ff3ea8b3db28e0f082,1716548,0,83.3437,67120.0,2024-05-24 11:00:00,2024-05-24,4,Friday,5,May,-6.1424
575e4b32b6c90a70d7cda91d7f1643dc600c39d31f2322ff3ea8b3db28e0f082,1716552,0,74.3712,67130.0,2024-05-24 12:00:00,2024-05-24,4,Friday,5,May,-8.9725
575e4b32b6c90a70d7cda91d7f1643dc600c39d31f2322ff3ea8b3db28e0f082,1716555,0,67.4422,67140.0,2024-05-24 13:00:00,2024-05-24,4,Friday,5,May,-6.929
575e4b32b6c90a70d7cda91d7f1643dc600c39d31f2322ff3ea8b3db28e0f082,1716559,0,62.3093,67140.0,2024-05-24 14:00:00,2024-05-24,4,Friday,5,May,-5.1329
575e4b32b6c90a70d7cda91d7f1643dc600c39d31f2322ff3ea8b3db28e0f082,1716562,0,58.6926,67146.6148,2024-05-24 15:00:00,2024-05-24,4,Friday,5,May,-3.6167
575e4b32b6c90a70d7cda91d7f1643dc600c39d31f2322ff3ea8b3db28e0f082,1716566,0,54.6562,67153.9063,2024-05-24 16:00:00,2024-05-24,4,Friday,5,May,-4.0364
575e4b32b6c90a70d7cda91d7f1643dc600c39d31f2322ff3ea8b3db28e0f082,1716570,0,50.2562,67160.0,2024-05-24 17:00:00,2024-05-24,4,Friday,5,May,-4.4
575e4b32b6c90a70d7cda91d7f1643dc600c39d31f2322ff3ea8b3db28e0f082,1716573,0,45.564,67160.0,2024-05-24 18:00:00,2024-05-24,4,Friday,5,May,-4.6922
575e4b32b6c90a70d7cda91d7f1643dc600c39d31f2322ff3ea8b3db28e0f082,1716577,0,39.2843,67169.0524,2024-05-24 19:00:00,2024-05-24,4,Friday,5,May,-6.2797
575e4b32b6c90a70d7cda91d7f1643dc600c39d31f2322ff3ea8b3db28e0f082,1716580,0,30.8446,67175.777,2024-05-24 20:00:00,2024-05-24,4,Friday,5,May,-8.4397
575e4b32b6c90a70d7cda91d7f1643dc600c39d31f2322ff3ea8b3db28e0f082,1716584,0,17.0089,67190.0,2024-05-24 21:00:00,2024-05-24,4,Friday,5,May,-13.8357
575e4b32b6c90a70d7cda91d7f1643dc600c39d31f2322ff3ea8b3db28e0f082,1716588,1,26.3915,67210.0,2024-05-24 22:00:00,2024-05-24,4,Friday,5,May,9.3826
575e4b32b6c90a70d7cda91d7f1643dc600c39d31f2322ff3ea8b3db28e0f082,1716591,1,45.5102,67211.2245,2024-05-24 23:00:00,2024-05-24,4,Friday,5,May,19.1187
575e4b32b6c90a70d7cda91d7f1643dc600c39d31f2322ff3ea8b3db28e0f082,1716595,0,32.5117,67230.0,2024-05-25 00:00:00,2024-05-25,5,Saturday,5,May,-12.9985
575e4b32b6c90a70d7cda91d7f1643dc600c39d31f2322ff3ea8b3db28e0f082,1716598,0,19.6351,67240.0,2024-05-25 01:00:00,2024-05-25,5,Saturday,5,May,-12.8766
575e4b32b6c90a70d7cda91d7f1643dc600c39d31f2322ff3ea8b3db28e0f082,1716602,1,26.1814,67250.0,2024-05-25 02:00:00,2024-05-25,5,Saturday,5,May,6.5463
575e4b32b6c90a70d7cda91d7f1643dc600c39d31f2322ff3ea8b3db28e0f082,1716606,1,86.0866,67250.0,2024-05-25 03:00:00,2024-05-25,5,Saturday,5,May,59.9052
575e4b32b6c90a70d7cda91d7f1643dc600c39d31f2322ff3ea8b3db28e0f082,1716609,1,94.6391,67251.203,2024-05-25 04:00:00,2024-05-25,5,Saturday,5,May,8.5525
575e4b32b6c90a70d7cda91d7f1643dc600c39d31f2322ff3ea8b3db28e0f082,1716613,0,85.9584,67261.1573,2024-05-25 05:00:00,2024-05-25,5,Saturday,5,May,-8.6807
575e4b32b6c90a70d7cda91d7f1643dc600c39d31f2322ff3ea8b3db28e0f082,1716616,0,82.2387,67265.2903,2024-05-25 06:00:00,2024-05-25,5,Saturday,5,May,-3.7197
575e4b32b6c90a70d7cda91d7f1643dc600c39d31f2322ff3ea8b3db28e0f082,1716620,0,78.519,67269.4233,2024-05-25 07:00:00,2024-05-25,5,Saturday,5,May,-3.7197
575e4b32b6c90a70d7cda91d7f1643dc600c39d31f2322ff3ea8b3db28e0f082,1716624,0,74.3179,67274.9095,2024-05-25 08:00:00,2024-05-25,5,Saturday,5,May,-4.2011
575e4b32b6c90a70d7cda91d7f1643dc600c39d31f2322ff3ea8b3db28e0f082,1716627,0,70.0387,67280.6151,2024-05-25 09:00:00,2024-05-25,5,Saturday,5,May,-4.2792
575e4b32b6c90a70d7cda91d7f1643dc600c39d31f2322ff3ea8b3db28e0f082,1716631,0,65.7595,67286.3207,2024-05-25 10:00:00,2024-05-25,5,Saturday,5,May,-4.2792
575e4b32b6c90a70d7cda91d7f1643dc600c39d31f2322ff3ea8b3db28e0f082,1716634,0,57.8981,67290.0,2024-05-25 11:00:00,2024-05-25,5,Saturday,5,May,-7.8614
575e4b32b6c90a70d7cda91d7f1643dc600c39d31f2322ff3ea8b3db28e0f082,1716638,0,43.8411,67304.3179,2024-05-25 12:00:00,2024-05-25,5,Saturday,5,May,-14.057
575e4b32b6c90a70d7cda91d7f1643dc600c39d31f2322ff3ea8b3db28e0f082,1716642,0,29.0413,67320.0,2024-05-25 13:00:00,2024-05-25,5,Saturday,5,May,-14.7998
575e4b32b6c90a70d7cda91d7f1643dc600c39d31f2322ff3ea8b3db28e0f082,1716645,1,32.5836,67330.0,2024-05-25 14:00:00,2024-05-25,5,Saturday,5,May,3.5423
575e4b32b6c90a70d7cda91d7f1643dc600c39d31f2322ff3ea8b3db28e0f082,1716649,1,90.4682,67330.0,2024-05-25 15:00:00,2024-05-25,5,Saturday,5,May,57.8846
575e4b32b6c90a70d7cda91d7f1643dc600c39d31f2322ff3ea8b3db28e0f082,1716652,0,85.7662,67335.5845,2024-05-25 16:00:00,2024-05-25,5,Saturday,5,May,-4.702
575e4b32b6c90a70d7cda91d7f1643dc600c39d31f2322ff3ea8b3db28e0f082,1716656,0,82.0995,67340.0,2024-05-25 17:00:00,2024-05-25,5,Saturday,5,May,-3.6667
575e4b32b6c90a70d7cda91d7f1643dc600c39d31f2322ff3ea8b3db28e0f082,1716660,0,80.0,67340.0,2024-05-25 18:00:00,2024-05-25,5,Saturday,5,May,-2.0995
575e4b32b6c90a70d7cda91d7f1643dc600c39d31f2322ff3ea8b3db28e0f082,1716663,0,69.7481,67350.0,2024-05-25 19:00:00,2024-05-25,5,Saturday,5,May,-10.2519
575e4b32b6c90a70d7cda91d7f1643dc600c39d31f2322ff3ea8b3db28e0f082,1716667,0,57.2637,67363.6815,2024-05-25 20:00:00,2024-05-25,5,Saturday,5,May,-12.4844
575e4b32b6c90a70d7cda91d7f1643dc600c39d31f2322ff3ea8b3db28e0f082,1716670,0,51.0592,67370.0,2024-05-25 21:00:00,2024-05-25,5,Saturday,5,May,-6.2045
575e4b32b6c90a70d7cda91d7f1643dc600c39d31f2322ff3ea8b3db28e0f082,1716674,0,48.742,67371.29,2024-05-25 22:00:00,2024-05-25,5,Saturday,5,May,-2.3172
575e4b32b6c90a70d7cda91d7f1643dc600c39d31f2322ff3ea8b3db28e0f082,1716678,0,48.0483,67374.7586,2024-05-25 23:00:00,2024-05-25,5,Saturday,5,May,-0.6937
575e4b32b6c90a70d7cda91d7f1643dc600c39d31f2322ff3ea8b3db28e0f082,1716681,0,47.3546,67378.2272,2024-05-26 00:00:00,2024-05-26,6,Sunday,5,May,-0.6937
575e4b32b6c90a70d7cda91d7f1643dc600c39d31f2322ff3ea8b3db28e0f082,1716685,0,47.0,67380.0,2024-05-26 01:00:00,2024-05-26,6,Sunday,5,May,-0.3546
